Rank,Team Name,University,Solved,Penalty,Page,Column_1,Column_2,Column_3,Column_4,Column_5,Column_6,Column_7,Column_8
1,BUET_hotasha,BANGLADESH UNIVERSITY OF ENGINEERING AND TECHNOLOGY,6,673,1,"✓
1(200)","✓
3(218)","✓
2(39)","✓
2(68)","✓
3(112)","✓
1(36)",,
2,RU_DarkSoul$,UNIVERSITY OF RAJSHAHI,5,558,1,,"✓
6(338)","✓
1(17)","✓
1(41)","✓
1(107)","✓
1(55)",,
3,DU_Cypherpunks,UNIVERSITY OF DHAKA,5,503,1,1,"✓
4(281)","✓
1(13)","✓
1(16)","✓
3(141)","✓
1(52)",,
4,DU_Oblivion,UNIVERSITY OF DHAKA,5,381,1,1,"✓
2(109)","✓
1(18)","✓
3(94)","✓
2(129)","✓
1(31)",,
5,Infinite_Tsukuyomi,CHITTAGONG UNIVERSITY OF ENGINEERING & TECHNOLOGY,5,470,1,2,"✓
4(277)","✓
1(10)","✓
3(83)","★
2(52)","✓
2(48)",,
6,SUST_UpsideDown,SHAHJALAL UNIVERSITY OF SCIENCE AND TECHNOLOGY,5,495,1,"✓
3(266)",,"✓
1(15)","✓
1(33)","✓
2(133)","✓
1(48)",,
7,998244353,RAJSHAHI UNIVERSITY OF ENGINEERING & TECHNOLOGY,5,447,1,,"✓
5(312)","✓
1(12)","✓
1(24)","✓
2(86)","✓
1(13)",,
8,CoU_LastRunForMemories,COMILLA UNIVERSITY,4,175,1,2,6,"✓
1(13)","✓
1(21)","✓
1(72)","✓
2(69)",,
9,DU_skibidi,UNIVERSITY OF DHAKA,5,435,1,1,"✓
1(144)","✓
1(22)","✓
4(128)","✓
2(118)","✓
1(23)",,
10,RUET_a_bit_slower,RAJSHAHI UNIVERSITY OF ENGINEERING & TECHNOLOGY,4,348,1,,5,"✓
1(19)","✓
1(78)","✓
5(214)","✓
1(37)",,
11,RU_Pegasus,UNIVERSITY OF RAJSHAHI,5,588,1,,"✓
4(274)","✓
1(17)","✓
2(124)","✓
2(137)","✓
1(36)",,
12,BUET_LostPointer,BANGLADESH UNIVERSITY OF ENGINEERING AND TECHNOLOGY,6,754,1,"✓
1(204)","✓
3(161)","✓
3(70)","✓
1(17)","✓
5(247)","✓
2(55)",,
13,JUST_Null_Pointers,JASHORE UNIVERSITY OF SCIENCE AND TECHNOLOGY,5,666,1,1,"✓
1(237)","✓
1(18)","✓
1(57)","✓
3(263)","✓
1(91)",,
14,BUET_AlphaVersion,BANGLADESH UNIVERSITY OF ENGINEERING AND TECHNOLOGY,4,604,1,,,"✓
1(23)","✓
8(346)","✓
2(197)","✓
1(38)",,
15,BUET_Got_No_Rizz,BANGLADESH UNIVERSITY OF ENGINEERING AND TECHNOLOGY,4,228,1,1,3,"✓
1(18)","✓
1(52)","✓
2(117)","✓
1(41)",,
16,IUT_CocolaChampionBiscuit,ISLAMIC UNIVERSITY OF TECHNOLOGY,4,238,1,,9,"✓
1(21)","✓
6(160)","✓
1(41)","✓
1(16)",,
17,MathJuniors,"BEGUM ROKEYA UNIVERSITY, RANGPUR",4,373,1,,,"✓
1(14)","✓
2(94)","✓
4(227)","✓
1(38)",,2
18,SEC_BinaryTernary,SYLHET ENGINEERING COLLEGE,4,322,1,1,,"✓
1(14)","✓
2(103)","✓
1(130)","✓
2(75)",,
19,BUET_Quasar,BANGLADESH UNIVERSITY OF ENGINEERING AND TECHNOLOGY,5,360,1,"✓
1(209)",7,"✓
1(12)","✓
1(17)","✓
2(102)","✓
1(20)",2,
20,BUET_Centurions,BANGLADESH UNIVERSITY OF ENGINEERING AND TECHNOLOGY,4,256,1,5,,"✓
1(13)","✓
5(132)","✓
1(91)","✓
1(20)",,
21,JU_BinaryMosFet,JAHANGIRNAGAR UNIVERSITY,4,256,1,1,4,"✓
1(8)","✓
2(83)","✓
1(114)","✓
1(51)",19,
22,CoU_LimitLess,COMILLA UNIVERSITY,4,443,1,,,"✓
1(9)","✓
3(171)","✓
4(220)","✓
1(43)",,
23,RU_S_Cube,UNIVERSITY OF RAJSHAHI,4,296,1,1,9,"✓
1(15)","✓
1(27)","✓
2(193)","✓
1(61)",,
24,KU_Second_Team,KHULNA UNIVERSITY,4,463,1,,,"✓
3(93)","✓
6(228)","✓
2(99)","✓
1(43)",,
25,RUET_CrossGuild,RAJSHAHI UNIVERSITY OF ENGINEERING & TECHNOLOGY,4,413,1,,,"✓
1(17)","✓
3(136)","✓
2(206)","✓
1(54)",,
26,MIST_YaminIsAlive,MILITARY INSTITUTE OF SCIENCE AND TECHNOLOGY,4,417,1,,,"✓
1(16)","✓
3(127)","✓
4(242)","✓
1(32)",,
27,DU_Red_Horizon,UNIVERSITY OF DHAKA,4,242,1,,9,"✓
2(34)","✓
2(83)","✓
2(101)","✓
1(24)",,
28,IUT_cgpa_matters,ISLAMIC UNIVERSITY OF TECHNOLOGY,5,344,1,"✓
1(175)",8,"✓
1(17)","✓
1(39)","✓
2(102)","✓
1(11)",,
29,JnU_Shomonnoyok,"JAGANNATH UNIVERSITY, BANGLADESH",4,467,1,,4,"✓
2(45)","✓
5(179)","✓
3(174)","✓
3(69)",,
30,EWU_Not_Worthy,EAST WEST UNIVERSITY,5,541,1,"✓
1(218)",,"✓
1(16)","✓
1(88)","✓
1(122)","✓
1(97)",,
31,IUT_Oikotaan,ISLAMIC UNIVERSITY OF TECHNOLOGY,4,314,1,"✓
2(239)",6,"✓
1(15)","✓
1(36)",2,"✓
1(24)",,
32,SEC_LATERALUS,SYLHET ENGINEERING COLLEGE,4,395,1,,,"✓
1(17)","✓
1(99)","✓
3(213)","✓
2(66)",,
33,DU_Rumbling,UNIVERSITY OF DHAKA,4,449,1,,,"✓
2(41)","✓
3(102)","✓
6(250)","✓
2(56)",,
34,IUT_nCube,ISLAMIC UNIVERSITY OF TECHNOLOGY,4,451,1,1,6,"✓
2(42)","✓
4(118)","✓
2(217)","✓
2(74)",,
35,IUT_Organic_Baki,ISLAMIC UNIVERSITY OF TECHNOLOGY,4,550,1,6,,"✓
1(13)","✓
2(239)","✓
3(218)","✓
1(80)",,
36,DU_SHOMONNOYOKS,UNIVERSITY OF DHAKA,4,259,1,1,5,"✓
1(19)","✓
1(74)","✓
1(125)","✓
1(41)",,
37,CU_DWIMIK,UNIVERSITY OF CHITTAGONG,4,460,1,1,,"✓
1(10)","✓
5(246)","✓
2(176)","✓
1(28)",,
38,JU_the0dd1out,JAHANGIRNAGAR UNIVERSITY,6,731,1,"✓
1(205)","✓
1(198)","✓
1(17)","✓
2(66)","✓
4(178)","✓
1(67)",,
39,SEC_ZYX,SYLHET ENGINEERING COLLEGE,4,539,1,,,"✓
1(20)","✓
2(130)","✓
4(227)","✓
5(162)",,
40,Decision_Pending,MAWLANA BHASHANI SCIENCE AND TECHNOLOGY UNIVERSITY,4,453,1,,,"✓
1(17)","✓
3(150)","✓
3(185)","✓
2(101)",,
41,CoU_LastTryWithRST,COMILLA UNIVERSITY,4,405,1,,3,"✓
1(19)","✓
2(118)","✓
3(212)","✓
1(56)",,
42,BRUR_DFS,"BEGUM ROKEYA UNIVERSITY, RANGPUR",4,508,1,,,"✓
3(119)","✓
2(198)","✓
1(136)","✓
1(55)",,
43,CU_Chunoputi,UNIVERSITY OF CHITTAGONG,4,397,1,,,"✓
2(37)","✓
3(108)","✓
3(205)","✓
1(47)",,
44,BUET_WATLE,BANGLADESH UNIVERSITY OF ENGINEERING AND TECHNOLOGY,4,557,1,,,"✓
1(14)","✓
3(165)","✓
7(351)","✓
1(27)",,
45,JUST_Sleeping_Soldiers,JASHORE UNIVERSITY OF SCIENCE AND TECHNOLOGY,4,699,1,2,,"✓
1(20)","✓
1(89)","✓
7(318)","✓
9(272)",,
46,RU_TitaLeague,UNIVERSITY OF RAJSHAHI,4,407,1,,,"✓
3(68)","✓
1(72)","✓
3(221)","✓
1(46)",,
47,SUSTy Coder,SHAHJALAL UNIVERSITY OF SCIENCE AND TECHNOLOGY,5,518,1,"✓
2(191)",2,"✓
2(44)","✓
4(121)","✓
2(113)","✓
1(49)",,
48,IUT_notBlue,ISLAMIC UNIVERSITY OF TECHNOLOGY,4,395,1,7,,"✓
1(15)","✓
6(193)","✓
1(150)","✓
1(37)",,
49,DUET_RAD,DHAKA UNIVERSITY OF ENGINEERING & TECHNOLOGY - GAZIPUR,4,521,1,,,"✓
3(64)","✓
1(120)","✓
2(217)","✓
1(120)",,
50,RU_DynamicChips,UNIVERSITY OF RAJSHAHI,4,596,1,5,,"✓
3(94)","✓
2(166)","✓
1(186)","✓
4(150)",,
51,RecursiveRoot,CHITTAGONG UNIVERSITY OF ENGINEERING & TECHNOLOGY,4,502,1,3,,"✓
3(88)","✓
1(142)","✓
2(157)","✓
2(115)",,
52,JUST_Triple_Helix,JASHORE UNIVERSITY OF SCIENCE AND TECHNOLOGY,4,466,1,1,2,"✓
1(12)","✓
2(98)","✓
3(239)","✓
2(117)",,
53,Just Participant,DHAKA UNIVERSITY OF ENGINEERING & TECHNOLOGY - GAZIPUR,4,739,1,1,,"✓
1(29)","✓
2(125)","✓
4(285)","✓
7(300)",,
54,JU_Stack_OverFlow,JAHANGIRNAGAR UNIVERSITY,4,568,1,,,"✓
1(16)","✓
3(198)","✓
5(318)","✓
1(36)",,
55,HSTU_ARRIVAL,HAJEE MOHAMMAD DANESH SCIENCE AND TECHNOLOGY UNIVERSITY,4,663,1,,,"✓
2(39)","✓
1(21)","✓
4(292)","✓
9(311)",,
56,NSU_PyramidSchemers,NORTH SOUTH UNIVERSITY,5,791,1,,"✓
7(311)","✓
1(12)","✓
1(61)","✓
8(376)","✓
1(31)",,
57,KU_ErrorMakers,KHULNA UNIVERSITY,5,597,1,1,"✓
6(307)","✓
1(20)","✓
3(99)","✓
3(132)","✓
1(39)",,
58,SUST_RolledBack,SHAHJALAL UNIVERSITY OF SCIENCE AND TECHNOLOGY,4,194,1,6,11,"✓
1(18)","✓
2(59)","✓
2(103)","✓
1(14)",,
59,MIST_FrostByte_2.0,MILITARY INSTITUTE OF SCIENCE AND TECHNOLOGY,4,281,1,,3,"✓
1(14)","✓
2(84)","✓
2(129)","✓
1(54)",,
60,Orimura,BANGLADESH UNIVERSITY OF PROFESSIONALS,3,267,1,,,"✓
1(16)","✓
3(194)",6,"✓
1(57)",,
61,MU_Audacity,METROPOLITAN UNIVERSITY,4,268,1,,,"✓
1(16)","✓
1(73)","✓
1(131)","✓
1(48)",,
62,CoU_Skadooosh2.0,COMILLA UNIVERSITY,3,152,1,,,"✓
1(23)","✓
2(69)",4,"✓
1(60)",,
63,IUT_Eternatus,ISLAMIC UNIVERSITY OF TECHNOLOGY,4,355,1,8,,"✓
1(18)","✓
1(165)","✓
2(132)","✓
1(40)",,
64,SUST_Minions,SHAHJALAL UNIVERSITY OF SCIENCE AND TECHNOLOGY,5,401,1,"✓
1(160)",,"✓
1(12)","✓
2(82)","✓
2(117)","✓
1(30)",,
65,IIUC_DalVat,INTERNATIONAL ISLAMIC UNIVERSITY CHITTAGONG,4,380,1,,,"✓
1(13)","✓
3(198)","✓
2(112)","✓
1(57)",,
66,Silverwing_SST,RAJSHAHI UNIVERSITY OF ENGINEERING & TECHNOLOGY,4,280,1,,,"✓
1(19)","✓
1(95)","✓
2(123)","✓
1(43)",,
67,JU_WeKilledJohnWick'sDog,JAHANGIRNAGAR UNIVERSITY,4,351,1,1,11,"✓
1(21)","✓
3(151)","✓
2(120)","✓
1(59)",,
68,IU_Waving_Flag,"ISLAMIC UNIVERSITY, BANGLADESH",4,309,1,,,"✓
1(20)","✓
1(79)","✓
2(145)","✓
2(65)",,
69,EDU_CoPRIME,"EAST DELTA UNIVERSITY, CHITTAGONG",3,374,1,,,"✓
4(102)","✓
2(159)",2,"✓
2(113)",,
70,BUET_ALUCHASHI,BANGLADESH UNIVERSITY OF ENGINEERING AND TECHNOLOGY,4,328,1,7,4,"✓
1(36)","✓
3(92)","✓
4(139)","✓
1(61)",,
71,DU_Excalibur,UNIVERSITY OF DHAKA,3,182,1,,,"✓
1(18)","✓
3(127)",8,"✓
1(37)",5,
72,JU_OneMoreZer0,JAHANGIRNAGAR UNIVERSITY,4,323,1,2,,"✓
1(15)","✓
2(116)","✓
1(142)","✓
2(50)",,
73,RUET_Codebreakers,RAJSHAHI UNIVERSITY OF ENGINEERING & TECHNOLOGY,4,436,1,,,"✓
1(12)","✓
2(142)","✓
3(240)","✓
1(42)",,
74,ValoDekheEktaNaam,MAWLANA BHASHANI SCIENCE AND TECHNOLOGY UNIVERSITY,5,476,1,"✓
3(270)",8,"✓
1(18)","✓
3(104)","✓
2(73)","✓
1(11)",,
75,BRUR_NotStrongEnough,"BEGUM ROKEYA UNIVERSITY, RANGPUR",4,544,1,,,"✓
1(22)","✓
3(148)","✓
5(297)","✓
1(77)",,
76,TBA,"JAGANNATH UNIVERSITY, BANGLADESH",4,355,1,3,,"✓
1(15)","✓
1(80)","✓
2(190)","✓
2(70)",,
77,IU_NULL_VOID,"ISLAMIC UNIVERSITY, BANGLADESH",4,445,1,,,"✓
1(18)","✓
4(203)","✓
1(134)","✓
1(90)",,
78,BUET_WhiteRabbits,BANGLADESH UNIVERSITY OF ENGINEERING AND TECHNOLOGY,4,393,1,,4,"✓
1(23)","✓
3(111)","✓
2(203)","✓
2(56)",,
79,DUET_CHAMPS,DHAKA UNIVERSITY OF ENGINEERING & TECHNOLOGY - GAZIPUR,4,418,1,1,,"✓
2(54)","✓
1(74)","✓
1(179)","✓
1(111)",,
80,BU_Phantoms,UNIVERSITY OF BARISHAL,4,569,1,9,,"✓
1(15)","✓
2(111)","✓
4(263)","✓
4(180)",,
81,AaduBhai 2.0,NOAKHALI SCIENCE AND TECHNOLOGY UNIVERSITY,4,356,1,2,,"✓
1(12)","✓
3(143)","✓
2(171)","✓
1(30)",,
82,IIUC_Big_Brothers,INTERNATIONAL ISLAMIC UNIVERSITY CHITTAGONG,4,591,1,,,"✓
1(13)","✓
6(154)","✓
7(303)","✓
1(121)",,
83,MU_mission_nxt_icpc,METROPOLITAN UNIVERSITY,4,472,1,,,"✓
1(14)","✓
2(185)","✓
4(202)","✓
1(71)",,
84,DIU_SeMeawColon,DAFFODIL INTERNATIONAL UNIVERSITY,3,407,1,,,"✓
2(44)",,"✓
2(255)","✓
1(108)",,
85,LU_dAREdevils,"LEADING UNIVERSITY, SYLHET",4,612,1,4,,"✓
1(11)","✓
6(180)","✓
5(197)","✓
4(224)",,
86,PUC_Hacking_Trio,PREMIER UNIVERSITY CHITTAGONG,4,608,1,,,"✓
1(18)","✓
2(205)","✓
2(242)","✓
4(143)",,
87,UIU_Dhur_Chata,UNITED INTERNATIONAL UNIVERSITY,4,553,1,,,"✓
1(15)","✓
1(99)","✓
7(340)","✓
3(99)",2,
88,PSTU_ConfusingStatement,PATUAKHALI SCIENCE AND TECHNOLOGY UNIVERSITY,3,360,1,2,,"✓
1(20)","✓
1(121)",20,"✓
6(219)",,
89,HSTU_ChandraBindu,HAJEE MOHAMMAD DANESH SCIENCE AND TECHNOLOGY UNIVERSITY,4,388,1,1,,"✓
1(20)","✓
1(64)","✓
5(196)","✓
3(108)",,
90,MIST_ChemistryHaters,MILITARY INSTITUTE OF SCIENCE AND TECHNOLOGY,4,396,1,1,,"✓
1(19)","✓
2(116)","✓
3(205)","✓
2(56)",,
91,DIU_bitbenders,DAFFODIL INTERNATIONAL UNIVERSITY,4,562,1,,,"✓
1(15)","✓
3(170)","✓
6(294)","✓
2(83)",,
92,EWU_Pi_Rates,EAST WEST UNIVERSITY,4,481,1,,,"✓
1(25)","✓
2(153)","✓
4(252)","✓
1(51)",,
93,UAP_Amogus,UNIVERSITY OF ASIA PACIFIC,4,717,1,,,"✓
4(125)","✓
1(208)","✓
2(246)","✓
1(138)",,
94,RUET_Byte_Breakers,RAJSHAHI UNIVERSITY OF ENGINEERING & TECHNOLOGY,4,518,1,,,"✓
1(11)","✓
3(173)","✓
4(272)","✓
1(62)",,
95,DU_Syndicate_Force,UNIVERSITY OF DHAKA,4,608,1,8,,"✓
1(17)","✓
2(162)","✓
5(284)","✓
4(145)",,
96,CUET_TooLazyToThink,CHITTAGONG UNIVERSITY OF ENGINEERING & TECHNOLOGY,4,422,1,,,"✓
1(10)","✓
1(118)","✓
4(241)","✓
1(53)",,
97,CityU_Code_Dose,CITY UNIVERSITY,3,319,1,,,"✓
1(26)","✓
1(153)",2,"✓
4(140)",,
98,KYAU_Algo Knights,KHWAJA YUNUS ALI UNIVERSITY,3,462,1,,1,"✓
1(35)","✓
1(164)",2,"✓
4(263)",,
99,BRACU_Badda Shorbohara Party,BRAC UNIVERSITY,4,565,1,,,"✓
2(47)","✓
2(166)","✓
5(301)","✓
1(51)",,
100,PSTU : Returned From Breaking Point,PATUAKHALI SCIENCE AND TECHNOLOGY UNIVERSITY,4,225,1,3,15,"✓
1(15)","✓
1(61)","✓
2(115)","✓
1(34)",,
101,Kisu_Ekta_Naam,MAWLANA BHASHANI SCIENCE AND TECHNOLOGY UNIVERSITY,3,350,1,,,"✓
2(39)","✓
3(248)",4,"✓
1(63)",,
102,IOI-1,IOI,6,646,1,8,"✓
6(266)","✓
1(12)","✓
2(43)","✓
2(93)","✓
1(28)","✓
1(204)",
103,BCS_Coders,MAWLANA BHASHANI SCIENCE AND TECHNOLOGY UNIVERSITY,4,697,1,,,"✓
6(167)","✓
3(164)","✓
3(228)","✓
3(138)",,
104,RU_FifthToForce,UNIVERSITY OF RAJSHAHI,4,636,1,2,,"✓
2(37)","✓
4(224)","✓
3(242)","✓
1(133)",,
105,DIU_1000th_WA,DAFFODIL INTERNATIONAL UNIVERSITY,4,475,1,1,,"✓
1(17)","✓
1(83)","✓
7(316)","✓
1(59)",,
106,RU_CoPrime,UNIVERSITY OF RAJSHAHI,4,589,1,18,,"✓
2(42)","✓
3(121)","✓
8(336)","✓
3(90)",,
107,AUST_Legacy,AHSANULLAH UNIVERSITY OF SCIENCE AND TECHNOLOGY,3,276,1,,,"✓
1(17)","✓
3(204)",6,"✓
1(55)",,
108,IIUC_MARK_US,INTERNATIONAL ISLAMIC UNIVERSITY CHITTAGONG,4,742,1,2,,"✓
1(26)","✓
3(188)","✓
14(472)","✓
1(56)",,
109,IUT_ChronicOverthinkers,ISLAMIC UNIVERSITY OF TECHNOLOGY,4,417,1,1,,"✓
1(21)","✓
1(177)","✓
3(172)","✓
1(47)",,
110,DIU_3rror,DAFFODIL INTERNATIONAL UNIVERSITY,4,773,1,,,"✓
1(16)","✓
3(271)","✓
10(370)","✓
1(116)",,
111,NothingToLose,SHAHJALAL UNIVERSITY OF SCIENCE AND TECHNOLOGY,4,458,1,,,"✓
1(19)","✓
2(217)","✓
2(179)","✓
1(43)",,
112,RU_Losers,UNIVERSITY OF RAJSHAHI,4,641,1,1,,"✓
1(18)","✓
2(183)","✓
5(295)","✓
4(145)",,
113,JU_Kaizen,JAHANGIRNAGAR UNIVERSITY,5,682,1,,"✓
5(315)","✓
2(36)","✓
2(125)","✓
2(154)","✓
1(52)",,
114,TC_Devs,TEJGAON COLLEGE,3,569,1,,,"✓
1(28)","✓
2(247)",7,"✓
6(294)",,
115,EWU_Scavengers,EAST WEST UNIVERSITY,4,633,1,,,"✓
2(48)","✓
1(233)","✓
3(257)","✓
1(95)",,
116,ISTT_SHADOWS,INSTITUTE OF SCIENCE TRADE AND TECHNOLOGY,3,420,1,,,"✓
3(96)","✓
1(218)",1,"✓
1(106)",,
117,IIUC_BigO,INTERNATIONAL ISLAMIC UNIVERSITY CHITTAGONG,4,565,1,,,"✓
1(26)","✓
2(233)","✓
4(200)","✓
2(106)",,
118,SEC_NotSureYet,SYLHET ENGINEERING COLLEGE,3,376,1,,,"✓
2(41)","✓
2(137)","✓
2(198)",10,,
119,AUST_OptimusPrime,AHSANULLAH UNIVERSITY OF SCIENCE AND TECHNOLOGY,3,434,1,,,"✓
5(140)","✓
5(208)",9,"✓
3(86)",,
120,BSMRSTU_Unit_7,BANGABANDHU SHEIKH MUJIBUR RAHMAN SCIENCE AND TECHNOLOGY UNIVERSITY,4,624,1,,,"✓
1(16)","✓
3(174)","✓
6(322)","✓
2(112)",,
121,IU_ZeroSkill,"ISLAMIC UNIVERSITY, BANGLADESH",3,439,1,,,"✓
2(49)","✓
4(222)",4,"✓
5(168)",,
122,GreenU_Frogs,GREEN UNIVERSITY OF BANGLADESH,4,738,1,,,"✓
2(42)","✓
5(306)","✓
4(204)","✓
1(186)",,
123,TEC_Slytherin,TMSS ENGINEERING COLLEGE,2,89,1,1,,"✓
1(24)",,5,"✓
1(65)",,
124,DIU_Strygwyr,DAFFODIL INTERNATIONAL UNIVERSITY,4,216,1,1,4,"✓
1(22)","✓
2(65)","✓
3(115)","✓
1(14)",,
125,IUT_Pseudorandoms,ISLAMIC UNIVERSITY OF TECHNOLOGY,2,270,1,,,"✓
4(172)",5,2,"✓
2(98)",,
126,SUST_Juvenile,SHAHJALAL UNIVERSITY OF SCIENCE AND TECHNOLOGY,4,355,1,2,,"✓
2(38)","✓
1(82)","✓
3(167)","✓
2(68)",,
127,DU_Primordius,UNIVERSITY OF DHAKA,6,393,1,"✓
1(157)","✓
1(77)","✓
1(17)","✓
2(39)","✓
2(77)","✓
1(26)",,1
128,DU_Masterminds,UNIVERSITY OF DHAKA,3,276,1,1,,"✓
1(16)",1,"✓
2(218)","✓
1(42)",,
129,SEC_En_Passant,SYLHET ENGINEERING COLLEGE,4,348,1,,,"✓
2(49)","✓
2(100)","✓
2(157)","✓
1(42)",,
130,MIST_CodeCrafters,MILITARY INSTITUTE OF SCIENCE AND TECHNOLOGY,3,286,1,,,"✓
1(9)","✓
2(150)",8,"✓
4(127)",,
131,BUBT_Time-LimiT,BANGLADESH UNIVERSITY OF BUSINESS AND TECHNOLOGY,2,97,1,,,"✓
1(23)",1,6,"✓
1(74)",,
132,NEUB_Believers,NORTH EAST UNIVERSITY BANGLADESH,3,321,1,,,"✓
1(26)","✓
2(205)",1,"✓
2(90)",,
133,CUET_TernaryBunch,CHITTAGONG UNIVERSITY OF ENGINEERING & TECHNOLOGY,4,401,1,,6,"✓
1(18)","✓
3(94)","✓
5(254)","✓
1(35)",,
134,CUET_DarkSide,CHITTAGONG UNIVERSITY OF ENGINEERING & TECHNOLOGY,3,231,1,,,"✓
1(15)","✓
1(123)",5,"✓
3(93)",,
135,EWU_495_fanclub,EAST WEST UNIVERSITY,5,308,1,"✓
1(120)",5,"✓
1(16)","✓
1(32)","✓
1(80)","✓
1(60)",,
136,BUBT_BinaryBits,BANGLADESH UNIVERSITY OF BUSINESS AND TECHNOLOGY,2,98,1,,1,"✓
1(16)",,8,"✓
2(82)",,
137,UU_Dishting_Dishting,UTTARA UNIVERSITY,2,86,1,,,"✓
1(27)",1,5,"✓
1(59)",,
138,SUST_Migrosena,SHAHJALAL UNIVERSITY OF SCIENCE AND TECHNOLOGY,5,494,1,"✓
4(290)",8,"✓
1(12)","✓
2(51)","✓
2(108)","✓
1(33)",,
139,NWU_Dreamers,"NORTH WESTERN UNIVERSITY, KHULNA",2,219,1,,,"✓
1(48)",,"✓
1(171)",3,,
140,JU_ctrl_Z,JAHANGIRNAGAR UNIVERSITY,3,205,1,,,"✓
1(18)","✓
2(146)",6,"✓
1(41)",,
141,Team_Three_Dots,JATIYA KABI KAZI NAZRUL ISLAM UNIVERSITY,3,413,1,,,"✓
1(36)","✓
3(260)",2,"✓
2(117)",,1
142,AUST_Outliers,AHSANULLAH UNIVERSITY OF SCIENCE AND TECHNOLOGY,3,373,1,,,"✓
2(48)","✓
2(234)",1,"✓
2(91)",,
143,BUET_Unwanted,BANGLADESH UNIVERSITY OF ENGINEERING AND TECHNOLOGY,5,478,1,,"✓
1(198)","✓
1(22)","✓
4(112)","✓
2(107)","✓
1(39)",,
144,DU_BugSlayers,UNIVERSITY OF DHAKA,3,391,1,,,"✓
1(22)",7,"✓
5(308)","✓
1(61)",,
145,Lazy_Programmer,MAWLANA BHASHANI SCIENCE AND TECHNOLOGY UNIVERSITY,4,456,1,,,"✓
1(16)","✓
6(200)","✓
3(205)","✓
1(35)",,
146,JUST_FLARE,JASHORE UNIVERSITY OF SCIENCE AND TECHNOLOGY,4,206,1,,5,"★
1(7)","✓
1(17)","✓
3(123)","✓
2(59)",,
147,Code_Monkeys!,KHULNA UNIVERSITY OF ENGINEERING & TECHNOLOGY,6,533,1,"✓
2(161)",3,"✓
1(19)","✓
1(28)","✓
2(128)","✓
3(64)","★
1(133)",
148,HSTU_Sorcerer,HAJEE MOHAMMAD DANESH SCIENCE AND TECHNOLOGY UNIVERSITY,2,130,1,,,"✓
1(17)","✓
1(113)",1,8,,
149,BRACU_Crows,BRAC UNIVERSITY,6,540,1,"✓
2(189)","✓
2(115)","✓
1(20)","✓
1(28)","✓
3(178)","★
1(10)",3,
150,AIUB_Conquered,AMERICAN INTERNATIONAL UNIVERSITY - BANGLADESH,4,335,1,5,,"✓
1(18)","✓
1(62)","✓
1(137)","✓
2(118)",,
151,Team_Prefetch,"JAGANNATH UNIVERSITY, BANGLADESH",2,218,1,,,"✓
2(81)",1,7,"✓
2(137)",,
152,IIUC_KiEktaObostha,INTERNATIONAL ISLAMIC UNIVERSITY CHITTAGONG,4,270,1,,4,"✓
1(14)","✓
2(90)","✓
2(116)","✓
1(50)",,
153,FaimDeSang,SHAHJALAL UNIVERSITY OF SCIENCE AND TECHNOLOGY,6,562,1,"★
1(101)","✓
1(171)","✓
1(10)","✓
4(108)","✓
1(121)","✓
1(51)",,
154,DIU_Kracked,DAFFODIL INTERNATIONAL UNIVERSITY,3,362,1,,,"✓
1(24)",,"✓
2(239)","✓
1(99)",,
155,PUST_RESTART,PABNA UNIVERSITY OF SCIENCE AND TECHNOLOGY,3,319,1,,,"✓
3(68)","✓
1(146)",3,"✓
1(105)",,
156,Pichiyepora,MAWLANA BHASHANI SCIENCE AND TECHNOLOGY UNIVERSITY,3,339,1,,,"✓
1(40)",,"✓
3(203)","✓
1(96)",,
157,SUST_Fanatics,SHAHJALAL UNIVERSITY OF SCIENCE AND TECHNOLOGY,5,373,1,"✓
2(189)",11,"✓
1(18)","✓
1(29)","✓
3(122)","✓
1(15)",,
158,IU_RatCoders,"ISLAMIC UNIVERSITY, BANGLADESH",3,236,1,,,"✓
1(23)","✓
1(89)",9,"✓
2(124)",,
159,DIU_Fakibazz,DAFFODIL INTERNATIONAL UNIVERSITY,2,127,1,,,"✓
1(19)",,5,"✓
2(108)",,
160,TrioOfUttoranchal_JnU,"JAGANNATH UNIVERSITY, BANGLADESH",4,408,1,4,,"✓
1(27)","✓
3(119)","✓
3(194)","✓
2(68)",,
161,CUET_Pirates,CHITTAGONG UNIVERSITY OF ENGINEERING & TECHNOLOGY,4,346,1,,2,"✓
1(16)","✓
3(170)","✓
2(129)","✓
1(31)",,
162,LU_Furious,"LEADING UNIVERSITY, SYLHET",4,390,1,1,,"✓
1(19)","✓
2(115)","✓
1(182)","✓
1(74)",,
163,BidayPrithibi,"SOUTHEAST UNIVERSITY, BANGLADESH",5,552,1,,"✓
1(212)","✓
2(49)","✓
1(105)","✓
1(130)","✓
1(56)",,
164,HSTU_LSB,HAJEE MOHAMMAD DANESH SCIENCE AND TECHNOLOGY UNIVERSITY,3,363,1,,,"✓
1(27)","✓
1(203)",1,"✓
1(133)",,
165,IIUSTB_Al-khwarizm,INTERNATIONAL ISLAMI UNIVERSITY OF SCIENCE AND TECHNOLOGY BANGLADESH,3,448,1,,,"✓
1(228)",,"✓
1(181)","✓
1(39)",,
166,FEC_Nice_and_Attractive,FARIDPUR ENGINEERING COLLEGE,4,580,1,,,"✓
1(22)","✓
3(155)","✓
3(278)","✓
2(125)",,
167,IOI-2,IOI,5,633,1,"✓
2(235)",,"✓
1(12)","✓
2(41)","✓
8(309)","✓
1(36)",,
168,BUET_FWK,BANGLADESH UNIVERSITY OF ENGINEERING AND TECHNOLOGY,4,567,1,,,"✓
1(27)","✓
6(292)","✓
4(232)","✓
1(16)",,
169,PUST_Codo_Sapiens,PABNA UNIVERSITY OF SCIENCE AND TECHNOLOGY,3,286,1,,,"✓
1(15)","✓
1(64)",5,"✓
4(207)",,
170,BUET_ByteBusters,BANGLADESH UNIVERSITY OF ENGINEERING AND TECHNOLOGY,4,568,1,,,"✓
2(43)","✓
7(205)","✓
6(269)","✓
1(51)",,
171,SUST_Pudden-heads,SHAHJALAL UNIVERSITY OF SCIENCE AND TECHNOLOGY,3,311,1,,,"✓
1(19)","✓
5(246)",3,"✓
1(46)",,
172,Rebooters,SHEIKH HASINA UNIVERSITY,3,378,1,,,"✓
1(15)",,"✓
4(276)","✓
1(87)",,
173,BSFMSTU_LEGION,BANGAMATA SHEIKH FOJILATUNNESA MUJIB SCIENCE AND TECHNOLOGY UNIVERSITY,3,368,1,,,"✓
3(75)","✓
1(194)",4,"✓
1(99)",,
174,CUET_KnockingTheDoor,CHITTAGONG UNIVERSITY OF ENGINEERING & TECHNOLOGY,5,664,1,,"✓
1(236)","✓
2(41)","✓
1(66)","✓
3(254)","✓
2(67)",,
175,Still_Alive,DHAKA UNIVERSITY OF ENGINEERING & TECHNOLOGY - GAZIPUR,3,495,1,,,"✓
1(19)",,"✓
4(285)","✓
3(191)",,
176,DCC_Beyond_Infinity,DHAKA CITY COLLEGE,3,439,1,,,"✓
1(29)","✓
2(229)",1,"✓
4(181)",,1
177,DCC_LY2C,DHAKA CITY COLLEGE,4,503,1,,,"✓
1(16)","✓
3(195)","✓
1(207)","✓
1(85)",,
178,BU_Brainstorm_Troopers,UNIVERSITY OF BARISHAL,5,643,1,"✓
1(201)",,"✓
1(11)","✓
1(83)","✓
3(199)","✓
2(149)",,
179,NotEnough,NOAKHALI SCIENCE AND TECHNOLOGY UNIVERSITY,3,377,1,,,"✓
3(100)","✓
4(187)",10,"✓
1(90)",,
180,DeadPoetsSociety,MAWLANA BHASHANI SCIENCE AND TECHNOLOGY UNIVERSITY,4,644,1,,,"✓
3(68)","✓
1(40)","✓
10(405)","✓
4(131)",,
181,EWU_Infinity_Castle,EAST WEST UNIVERSITY,3,371,1,,,"✓
1(20)",,"✓
1(229)","✓
3(122)",,
182,FEC_Underflow,FARIDPUR ENGINEERING COLLEGE,3,313,1,,,"✓
1(21)","✓
1(170)",2,"✓
1(122)",,
183,JU_oyster,JAHANGIRNAGAR UNIVERSITY,4,432,1,,,"✓
1(19)","✓
2(106)","✓
4(249)","✓
1(58)",,
184,SEC_Odd_Bit,SYLHET ENGINEERING COLLEGE,3,380,1,,,"✓
1(28)","✓
4(197)",11,"✓
1(155)",,
185,BUBT_Paracetamol,BANGLADESH UNIVERSITY OF BUSINESS AND TECHNOLOGY,3,439,1,2,,"✓
1(19)","✓
3(244)",5,"✓
4(176)",,
186,WrongDecision,KHULNA UNIVERSITY,3,467,1,,,"✓
1(18)",3,"✓
13(377)","✓
2(72)",,
187,IUBAT_Iterators,INTERNATIONAL UNIVERSITY OF BUSINESS AGRICULTURE AND TECHNOLOGY,4,441,1,,1,"✓
1(19)","✓
4(181)","✓
3(167)","✓
1(74)",,
188,BUBT_Sunday_Monday_Close,BANGLADESH UNIVERSITY OF BUSINESS AND TECHNOLOGY,4,496,1,,,"✓
1(17)","✓
3(175)","✓
3(250)","✓
1(54)",,
189,BUET_BitWiz,BANGLADESH UNIVERSITY OF ENGINEERING AND TECHNOLOGY,3,285,1,,,"✓
1(32)","✓
2(181)",1,"✓
1(72)",,
190,RU_Phantoms,UNIVERSITY OF RAJSHAHI,5,734,1,2,,"✓
1(18)","✓
6(237)","✓
4(222)","✓
1(40)","✓
3(217)",
191,DU_Singularity,UNIVERSITY OF DHAKA,6,749,1,"✓
1(122)","✓
11(395)","✓
1(22)","✓
4(119)","✓
1(58)","✓
1(33)",,
192,BUET_Root_Mean_Square,BANGLADESH UNIVERSITY OF ENGINEERING AND TECHNOLOGY,3,449,1,,,"✓
4(107)",,"✓
2(219)","✓
2(123)",,
193,Team_nloglogn,SHAHJALAL UNIVERSITY OF SCIENCE AND TECHNOLOGY,5,754,1,"✓
3(148)",,"✓
3(100)","✓
2(182)","✓
4(259)","✓
1(65)",,
194,BUET_PookaaHunters,BANGLADESH UNIVERSITY OF ENGINEERING AND TECHNOLOGY,3,370,1,,,"✓
2(58)","✓
4(299)",1,"✓
1(13)",,
195,Kuet__Tenacious,KHULNA UNIVERSITY OF ENGINEERING AND TECHNOLOGY,3,513,1,,,"✓
5(166)","✓
2(226)",2,"✓
1(121)",,
196,ISU_The_Infinite,INTERNATIONAL STANDARD UNIVERSITY,3,569,1,,2,"✓
5(229)","✓
1(99)",3,"✓
2(241)",,
197,Valo_Dekhe_Ekta_Nam,SHAHJALAL UNIVERSITY OF SCIENCE AND TECHNOLOGY,6,795,1,"✓
1(195)","✓
6(314)","✓
1(10)","✓
2(71)","✓
5(171)","✓
1(34)",,
198,PAU_TriCoders,PRIMEASIA UNIVERSITY,5,782,1,4,"★
1(50)","✓
7(285)","✓
1(87)","✓
5(277)","✓
2(83)",2,
199,error_404,"BANGABANDHU SHEIKH MUJIBUR RAHMAN DIGITAL UNIVERSITY,BANGLADESH",4,593,1,,,"✓
6(132)","✓
1(161)","✓
2(195)","✓
3(105)",,
200,CUET_Lost_In_A_For_Loop,CHITTAGONG UNIVERSITY OF ENGINEERING & TECHNOLOGY,3,509,1,,,"✓
1(27)","✓
10(400)",3,"✓
1(82)",,
201,BUET_Harmonica,BANGLADESH UNIVERSITY OF ENGINEERING AND TECHNOLOGY,5,769,2,5,"✓
4(278)","✓
1(16)","✓
2(79)","✓
8(347)","✓
2(49)",,
202,JU_DEBUGGERS,JAHANGIRNAGAR UNIVERSITY,2,262,2,,,"✓
7(158)",,13,"✓
3(104)",,
203,CU_Beat_By_Bit,UNIVERSITY OF CHITTAGONG,2,391,2,,,"✓
1(20)",,2,"✓
9(371)",,
204,NSTU_Cyber_Catalysts,NOAKHALI SCIENCE AND TECHNOLOGY UNIVERSITY,3,603,2,,,"✓
1(15)","✓
4(241)",3,"✓
7(347)",,
205,CUET_3_St00ges,CHITTAGONG UNIVERSITY OF ENGINEERING & TECHNOLOGY,4,606,2,4,1,"✓
5(138)","✓
5(162)","✓
5(263)","✓
1(43)",,
206,INN,NATIONAL INSTITUTE OF TEXTILE ENGINEERING AND RESEARCH,3,710,2,,,"✓
2(56)",,"✓
6(329)","✓
11(325)",,
207,SEC GPT-Human Ai,SYLHET ENGINEERING COLLEGE,3,553,2,,,"✓
2(47)","✓
3(251)",4,"✓
7(255)",,
208,SEC_Poltergeist,SYLHET ENGINEERING COLLEGE,3,475,2,1,,"✓
7(204)","✓
1(130)",5,"✓
4(141)",,
209,UU_Programmers,UTTARA UNIVERSITY,4,825,2,,,"✓
1(20)","✓
5(316)","✓
5(305)","✓
4(184)",,
210,BAU_BiE_OutL&ers,BANGLADESH AGRICULTURAL UNIVERSITY,3,514,2,,,"✓
5(139)",,"✓
7(257)","✓
1(118)",,
211,IU_Team_Noob,"ISLAMIC UNIVERSITY, BANGLADESH",2,567,2,,,"✓
15(437)",,2,"✓
1(130)",,
212,NWU_DotExe,"NORTH WESTERN UNIVERSITY, KHULNA",3,737,2,,,"✓
6(177)","✓
3(257)",1,"✓
6(303)",,
213,CoU_Trying_Hard,COMILLA UNIVERSITY,3,686,2,,,"✓
1(23)",,"✓
6(336)","✓
9(327)",,
214,MBSTU_SLOW_FOURIER,MAWLANA BHASHANI SCIENCE AND TECHNOLOGY UNIVERSITY,2,134,2,,,"✓
1(29)",9,1,"✓
2(105)",,
215,RPSU_Ternary_Troopers,R. P. SHAHA UNIVERSITY,2,140,2,,,"✓
1(27)",,3,"✓
2(113)",,
216,SUST_ZerOne,SHAHJALAL UNIVERSITY OF SCIENCE AND TECHNOLOGY,3,134,2,1,7,"✓
1(13)","✓
1(76)",10,"✓
1(45)",,
217,AIUB_DIREWOLFS,AMERICAN INTERNATIONAL UNIVERSITY - BANGLADESH,2,110,2,,,"✓
1(36)",,1,"✓
2(74)",,
218,NITER CodeScepters,NATIONAL INSTITUTE OF TEXTILE ENGINEERING AND RESEARCH,1,23,2,1,,"✓
1(23)",,9,7,,
219,RU_CompilerWarriors,UNIVERSITY OF RAJSHAHI,2,127,2,,,"✓
3(75)",,2,"✓
1(52)",,
220,CU_ASP,UNIVERSITY OF CHITTAGONG,2,128,2,,,"✓
1(21)",,1,"✓
2(107)",,
221,PSTU_Array_Of_Hope,PATUAKHALI SCIENCE AND TECHNOLOGY UNIVERSITY,4,269,2,1,,"✓
1(21)","✓
1(93)","✓
1(69)","✓
2(86)",,
222,BUET_Lost_Coders,BANGLADESH UNIVERSITY OF ENGINEERING AND TECHNOLOGY,4,269,2,1,3,"✓
1(24)","✓
2(86)","✓
1(93)","✓
2(66)",,
223,BRUR_PuzzlePioneers,"BEGUM ROKEYA UNIVERSITY, RANGPUR",2,111,2,1,,"✓
1(24)","✓
1(87)",3,2,,
224,Aimers,SHEIKH HASINA UNIVERSITY,2,150,2,4,,"✓
1(34)",2,4,"✓
2(116)",,
225,Singularity,SHEIKH HASINA UNIVERSITY,2,81,2,,,"✓
2(36)",,7,"✓
1(45)",,
226,echo,JATIYA KABI KAZI NAZRUL ISLAM UNIVERSITY,2,160,2,,,"✓
4(86)",,2,"✓
1(74)",,
227,Sagittarius A*,"RANGPUR ENGINEERING COLLEGE,RANGPUR",2,248,2,,,"✓
1(21)",,9,"✓
7(227)",,
228,RUET_B_Team,RAJSHAHI UNIVERSITY OF ENGINEERING & TECHNOLOGY,5,323,2,"✓
3(186)",,"✓
1(15)","✓
1(11)","✓
1(67)","✓
1(44)",,
229,DU_ NoobMaskers,UNIVERSITY OF DHAKA,2,82,2,,,"✓
1(12)",,3,"✓
2(70)",,
230,GreenU_Theoretical,GREEN UNIVERSITY OF BANGLADESH,2,169,2,,,"✓
1(17)",,4,"✓
1(152)",,
231,BUET_6_Brain_Cells,BANGLADESH UNIVERSITY OF ENGINEERING AND TECHNOLOGY,2,143,2,,,"✓
1(44)",3,5,"✓
3(99)",,
232,RUET_archive,RAJSHAHI UNIVERSITY OF ENGINEERING & TECHNOLOGY,3,190,2,2,,"✓
1(20)","✓
2(80)",8,"✓
1(90)",,
233,Speed_Heavy,SHAHJALAL UNIVERSITY OF SCIENCE AND TECHNOLOGY,4,325,2,6,,"✓
1(22)","✓
3(114)","✓
1(140)","✓
1(49)",,
234,UAP_Akatsuki,UNIVERSITY OF ASIA PACIFIC,1,151,2,,,"✓
4(151)",,,2,,
235,ArrayIndexOutOfBoundsException,"JAGANNATH UNIVERSITY, BANGLADESH",4,352,2,2,,"✓
1(27)","✓
2(130)","✓
2(138)","✓
1(57)",,
236,LU_NeverStopTrying,"LEADING UNIVERSITY, SYLHET",2,83,2,,,"✓
1(15)",,1,"✓
1(68)",,
237,DU_Cross_Ratio,UNIVERSITY OF DHAKA,2,154,2,,,"✓
4(101)",1,5,"✓
1(53)",,
238,JUST_Beginner's,JASHORE UNIVERSITY OF SCIENCE AND TECHNOLOGY,1,33,2,1,,"✓
1(33)",,3,12,,
239,CoU_Chasing_The_Legacy,COMILLA UNIVERSITY,4,354,2,,,"✓
1(15)","✓
2(121)","✓
2(181)","✓
1(37)",,
240,KUET_Helicopter,KHULNA UNIVERSITY OF ENGINEERING & TECHNOLOGY,4,232,2,4,,"✓
1(14)","✓
1(27)","✓
1(138)","✓
1(53)",,
241,Ju_LastGame,JAHANGIRNAGAR UNIVERSITY,4,326,2,2,,"✓
1(11)","✓
3(113)","✓
2(149)","✓
1(53)",,
242,DIU_3S,DAFFODIL INTERNATIONAL UNIVERSITY,2,238,2,,,"✓
1(25)",2,4,"✓
3(213)",,
243,DIU_2NT1,DAFFODIL INTERNATIONAL UNIVERSITY,2,178,2,,,"✓
1(18)",,7,"✓
3(160)",,
244,NSTU_Script_Kiddies,NOAKHALI SCIENCE AND TECHNOLOGY UNIVERSITY,3,365,2,,,"✓
2(65)","✓
2(164)",9,"✓
3(136)",,
245,Dhupchaya_Lords,KHULNA UNIVERSITY OF ENGINEERING AND TECHNOLOGY,3,348,2,,,"✓
1(20)",,"✓
2(257)","✓
1(71)",,
246,NSTU_LastDare,NOAKHALI SCIENCE AND TECHNOLOGY UNIVERSITY,4,404,2,,,"✓
2(50)","✓
4(156)","✓
2(151)","✓
2(47)",,
247,DU_DriveShaft,UNIVERSITY OF DHAKA,2,104,2,,,"✓
1(17)",,1,"✓
3(87)",,
248,VU_Triple_I_Coders,VARENDRA UNIVERSITY,2,222,2,,,"✓
1(13)",,2,"✓
1(209)",,
249,KUET_TheFamily,KHULNA UNIVERSITY OF ENGINEERING & TECHNOLOGY,4,413,2,1,1,"✓
2(53)","✓
4(135)","✓
2(188)","✓
1(37)",,
250,DIU_Runtime_terrors,DAFFODIL INTERNATIONAL UNIVERSITY,2,197,2,,,"✓
1(20)",,4,"✓
2(177)",,
251,AIUB_Rebellion,AMERICAN INTERNATIONAL UNIVERSITY - BANGLADESH,3,322,2,,,"✓
2(45)","✓
1(141)",4,"✓
3(136)",,
252,Array_of_hope,RAJSHAHI UNIVERSITY OF ENGINEERING & TECHNOLOGY,2,177,2,,,"✓
1(16)",5,4,"✓
6(161)",,
253,DIU_Trio,DAFFODIL INTERNATIONAL UNIVERSITY,2,228,2,,,"✓
3(76)",,3,"✓
3(152)",,
254,BUET_Rayquaza,BANGLADESH UNIVERSITY OF ENGINEERING AND TECHNOLOGY,4,381,2,,,"✓
2(41)","✓
2(120)","✓
2(186)","✓
1(34)",,
255,Sust_Underprivileged_Kids,SHAHJALAL UNIVERSITY OF SCIENCE AND TECHNOLOGY,5,436,2,4,"✓
1(188)","✓
1(17)","✓
2(70)","✓
2(125)","✓
1(36)",,
256,AUST_THIR,AHSANULLAH UNIVERSITY OF SCIENCE AND TECHNOLOGY,3,418,2,,,"✓
1(18)","✓
3(259)",5,"✓
4(141)",,
257,BUTEX_STRANGERS,BANGLADESH UNIVERSITY OF TEXTILES,2,110,2,,,"✓
2(49)",,1,"✓
1(61)",,
258,MIST_ShopnoFeri,MILITARY INSTITUTE OF SCIENCE AND TECHNOLOGY,4,428,2,,5,"✓
2(38)","✓
3(160)","✓
1(192)","✓
1(38)",,
259,ISU_Recursive_Dragon,INTERNATIONAL STANDARD UNIVERSITY,1,28,2,5,1,"✓
1(28)",3,8,11,,
260,CPI Newbies,CHATTOGRAM POLYTECHNIC INSTITUTE,2,375,2,2,,"✓
1(101)","✓
5(274)",5,,,
261,Bruteforce_Knights,KHULNA UNIVERSITY OF ENGINEERING & TECHNOLOGY,4,270,2,4,,"✓
4(101)","★
1(10)","✓
2(112)","✓
1(47)",,
262,AUST_QTA,AHSANULLAH UNIVERSITY OF SCIENCE AND TECHNOLOGY,4,372,2,,1,"✓
1(12)","✓
3(123)","✓
1(170)","✓
1(67)",,
263,CUET_Kisu_Ekta,CHITTAGONG UNIVERSITY OF ENGINEERING & TECHNOLOGY,4,408,2,,,"✓
3(89)","✓
2(91)","✓
3(189)","✓
1(39)",,
264,MIST_EaglesExpr,MILITARY INSTITUTE OF SCIENCE AND TECHNOLOGY,3,381,2,,,"✓
3(56)",1,"✓
4(252)","✓
3(73)",,
265,EDU_LastRonins,"EAST DELTA UNIVERSITY, CHITTAGONG",1,40,2,,,"✓
1(40)",,,1,,
266,IUT_Outliers,ISLAMIC UNIVERSITY OF TECHNOLOGY,2,201,2,,,"✓
1(17)",3,6,"✓
4(184)",,
267,MBSTU_Novatos,MAWLANA BHASHANI SCIENCE AND TECHNOLOGY UNIVERSITY,5,466,2,"✓
1(175)",,"✓
1(13)","✓
2(55)","✓
3(135)","✓
2(88)",,
268,KUET_JINISH,KHULNA UNIVERSITY OF ENGINEERING & TECHNOLOGY,4,320,2,,1,"✓
1(13)","✓
2(79)","✓
2(168)","✓
2(60)",,
269,IUT_greyto?,ISLAMIC UNIVERSITY OF TECHNOLOGY,2,299,2,,,"✓
2(72)",,"✓
3(227)",9,,
270,LUNE_NOIRE,CHITTAGONG UNIVERSITY OF ENGINEERING & TECHNOLOGY,5,475,2,"✓
2(224)",,"✓
1(20)","✓
2(76)","✓
1(119)","✓
1(36)",,
271,CoU_CompileOrCry,COMILLA UNIVERSITY,2,145,2,,,"✓
3(66)",,5,"✓
1(79)",,
272,We_don閳ユ獩_test_We_pray,RAJSHAHI UNIVERSITY OF ENGINEERING & TECHNOLOGY,4,458,2,,,"✓
1(11)","✓
5(184)","✓
3(213)","✓
1(50)",,
273,DCC_KhelarMath,DHAKA CITY COLLEGE,2,128,2,,,"✓
1(27)","✓
1(101)",14,8,,10
274,IUBAT_False_Flag,INTERNATIONAL UNIVERSITY OF BUSINESS AGRICULTURE AND TECHNOLOGY,2,178,2,,,"✓
1(31)",,3,"✓
2(147)",,
275,EWU_WA_on_Infinity,EAST WEST UNIVERSITY,2,153,2,,,"✓
1(26)",,,"✓
1(127)",,
276,Noob Coders Unite,SHAHJALAL UNIVERSITY OF SCIENCE AND TECHNOLOGY,4,474,2,1,,"✓
1(33)","✓
1(100)","✓
4(237)","✓
2(104)",,
277,0xC00000FD,BANGLADESH OPEN UNIVERSITY,3,276,2,,,"✓
1(26)","✓
3(187)",2,"✓
1(63)",,
278,CoU_Iterators,COMILLA UNIVERSITY,2,325,2,,,"✓
2(49)",,"✓
6(276)",7,,
279,BSMRU_Terminators,"BANGABANDHU SHEIKH MUJIBUR RAHMAN UNIVERSITY, KISHOREGANJ",2,224,2,,,"✓
1(17)",,5,"✓
4(207)",,
280,DU_XYZ_Crunchers,UNIVERSITY OF DHAKA,4,435,2,1,,"✓
1(7)","✓
1(92)","✓
4(239)","✓
2(97)",,
281,PUB_Ventures,PUNDRA UNIVERSITY OF SCIENCE & TECHNOLOGY,1,192,2,,,"✓
6(192)",,10,,,
282,DU_TrioRST,UNIVERSITY OF DHAKA,3,317,2,,,"✓
1(25)",,"✓
1(225)","✓
1(67)",,
283,DU_Zephyr,UNIVERSITY OF DHAKA,5,531,2,"✓
1(232)",,"✓
1(9)","✓
2(82)","✓
4(173)","✓
1(35)",,
284,MBSTU_UNDERDOGS,MAWLANA BHASHANI SCIENCE AND TECHNOLOGY UNIVERSITY,2,190,2,,1,"✓
1(8)",1,3,"✓
6(182)",,
285,KUET_ByteBlitz,KHULNA UNIVERSITY OF ENGINEERING & TECHNOLOGY,4,496,2,3,,"✓
3(98)","✓
2(96)","✓
2(193)","✓
1(109)",,
286,NEUB_NerdSquad,NORTH EAST UNIVERSITY BANGLADESH,2,308,2,,,"✓
3(74)",,1,"✓
4(234)",,
287,IIUC_ThreeFumblers,INTERNATIONAL ISLAMIC UNIVERSITY CHITTAGONG,2,126,2,,,"✓
1(28)",,2,"✓
1(98)",,
288,IUBAT_LivingThings,INTERNATIONAL UNIVERSITY OF BUSINESS AGRICULTURE AND TECHNOLOGY,4,541,2,,,"✓
5(141)","✓
3(182)","✓
1(165)","✓
1(53)",,
289,Zero or One,RANGAMATI SCIENCE & TECHNOLOGY UNIVERSITY,4,526,2,,,"✓
1(25)","✓
3(252)","✓
2(201)","✓
1(48)",,
290,sorry_IIUC,INTERNATIONAL ISLAMIC UNIVERSITY CHITTAGONG,4,401,2,,,"✓
1(9)","✓
2(127)","✓
2(172)","✓
2(93)",,
291,BUET_Arekta_Team,BANGLADESH UNIVERSITY OF ENGINEERING AND TECHNOLOGY,5,552,2,"✓
2(213)",1,"✓
1(13)","✓
4(132)","✓
2(160)","✓
1(34)",,
292,MEC_Algo_Scholars,MYMENSINGH ENGINEERING COLLEGE,2,332,2,,,"✓
1(16)",,,"✓
5(316)",,
293,UITS_FullGlassEmpty(),UNIVERSITY OF INFORMATION TECHNOLOGY & SCIENCES,1,18,2,,,"✓
1(18)",,2,2,,
294,Return Zer0,INTERNATIONAL ISLAMIC UNIVERSITY CHITTAGONG,2,243,2,1,,"✓
1(12)",,6,"✓
6(231)",,
295,BAUET_AlphaCentauri,BANGLADESH ARMY UNIVERSITY OF ENGINEERING & TECHNOLOGY,2,293,2,,,"✓
1(18)",,6,"✓
5(275)",,
296,IIUC_ZeroPlan,INTERNATIONAL ISLAMIC UNIVERSITY CHITTAGONG,3,373,2,,,"✓
1(18)",,"✓
4(285)","✓
1(70)",,
297,BU_FrozzenHorse,UNIVERSITY OF BARISHAL,4,534,2,10,,"✓
2(45)","✓
1(108)","✓
5(278)","✓
2(103)",,
298,BRACU_CrackPlatoon,BRAC UNIVERSITY,4,519,2,,,"✓
1(16)","✓
1(161)","✓
4(298)","✓
1(44)",,
299,NSU_CyanCubed,NORTH SOUTH UNIVERSITY,4,347,2,,1,"✓
1(14)","✓
2(82)","✓
4(210)","✓
1(41)",,
300,AUST Return_0,AHSANULLAH UNIVERSITY OF SCIENCE AND TECHNOLOGY,2,272,2,,,"✓
1(20)","✓
4(252)",1,10,,
301,IIUC_MangoCoders,INTERNATIONAL ISLAMIC UNIVERSITY CHITTAGONG,4,497,2,,,"✓
1(13)","✓
3(192)","✓
4(242)","✓
1(50)",,
302,IUB_IlVentoD'oro,INDEPENDENT UNIVERSITY - BANGLADESH,2,100,2,,,"✓
2(40)",7,2,"✓
2(60)",,
303,IIUC_TimePenalty,INTERNATIONAL ISLAMIC UNIVERSITY CHITTAGONG,3,462,2,,,"✓
2(38)","✓
1(188)",5,"✓
7(236)",,
304,lu_SSS,"LEADING UNIVERSITY, SYLHET",2,295,2,,,"✓
2(54)",,"✓
2(241)",,,
305,MBSTU_Dark_Knight,MAWLANA BHASHANI SCIENCE AND TECHNOLOGY UNIVERSITY,2,322,2,,,"✓
1(18)",,"✓
7(304)",3,,
306,BSMRU_NewHorizon,"BANGABANDHU SHEIKH MUJIBUR RAHMAN UNIVERSITY, KISHOREGANJ",3,562,2,,,"✓
1(27)","✓
1(144)",4,"✓
9(391)",,
307,BU_BrainLess,UNIVERSITY OF BARISHAL,5,594,2,"✓
4(283)",4,"✓
1(17)","✓
3(100)","✓
1(107)","✓
1(87)",,
308,BUET_Anonymous,BANGLADESH UNIVERSITY OF ENGINEERING AND TECHNOLOGY,4,399,2,,2,"✓
1(24)","✓
5(227)","✓
3(120)","✓
1(28)",,
309,DU_MMRB2,UNIVERSITY OF DHAKA,5,598,2,2,"✓
4(262)","✓
2(43)","✓
1(45)","✓
4(189)","✓
2(59)",,
310,SIU_Wizards,SYLHET INTERNATIONAL UNIVERSITY,2,417,2,,,"✓
5(164)",,4,"✓
5(253)",,
311,BUET_Surge,BANGLADESH UNIVERSITY OF ENGINEERING AND TECHNOLOGY,5,613,2,2,"✓
3(169)","✓
1(14)","✓
3(121)","✓
4(262)","✓
1(47)",,
312,BUBT_Black_Pearl,BANGLADESH UNIVERSITY OF BUSINESS AND TECHNOLOGY,3,420,2,3,,"✓
1(37)",,"✓
2(148)","✓
3(235)",,
313,DIU_CodeCrew,DHAKA INTERNATIONAL UNIVERSITY,2,303,2,,,"✓
4(157)",,1,"✓
1(146)",,
314,RUET_NEWBIES,RAJSHAHI UNIVERSITY OF ENGINEERING & TECHNOLOGY,2,139,2,,,"✓
1(27)",7,2,"✓
3(112)",,
315,DIU_Nocturnal,DAFFODIL INTERNATIONAL UNIVERSITY,2,384,2,,,"✓
6(312)",,,"✓
1(72)",,
316,MIST_InfiniteCourage,MILITARY INSTITUTE OF SCIENCE AND TECHNOLOGY,2,147,2,,,"✓
2(41)",8,2,"✓
3(106)",,
317,Cou_Three_Bits,COMILLA UNIVERSITY,2,275,2,,,"✓
1(21)",,1,"✓
5(254)",,
318,TC_Fallen_Order,TEJGAON COLLEGE,2,378,2,,,"✓
4(146)",,3,"✓
4(232)",,
319,PrimeU_StuckOnNewbie,PRIME UNIVERSITY,2,448,2,,,"✓
7(216)",1,,"✓
5(232)",,
320,Syntax troika,INTERNATIONAL ISLAMIC UNIVERSITY CHITTAGONG,3,402,2,1,,"✓
8(348)","✓
1(21)",2,"✓
1(33)",,
321,AIUB_Turtlers,AMERICAN INTERNATIONAL UNIVERSITY - BANGLADESH,1,64,2,,,"✓
2(64)",,4,9,,
322,Scholars_Byte_Brigade,UNIVERSITY OF SCHOLARS,2,268,2,,,"✓
1(23)",,4,"✓
6(245)",,
323,DIU_Inferiors,DAFFODIL INTERNATIONAL UNIVERSITY,3,463,2,,,"✓
1(18)",,"✓
6(334)","✓
1(111)",,
324,BUBT_ApeTogetherStrong,BANGLADESH UNIVERSITY OF BUSINESS AND TECHNOLOGY,2,288,2,,,"✓
2(60)",,10,"✓
3(228)",,
325,BRUR_Three_Code_Musketeers,"BEGUM ROKEYA UNIVERSITY, RANGPUR",2,268,2,,,"✓
2(56)",1,9,"✓
3(212)",,
326,IIUC_Newbies,INTERNATIONAL ISLAMIC UNIVERSITY CHITTAGONG,3,449,2,,"✓
1(105)","✓
1(40)",2,3,"✓
7(304)",,
327,DCC_404NotFound,DHAKA CITY COLLEGE,2,280,2,,,"✓
1(17)",,"✓
5(263)",6,,2
328,JU_ByteBattler,JAHANGIRNAGAR UNIVERSITY,3,522,2,,,"✓
7(225)","✓
1(186)",1,"✓
2(111)",,
329,NSU_TripleZero,NORTH SOUTH UNIVERSITY,4,589,2,,,"✓
2(54)","✓
4(228)","✓
2(249)","✓
1(58)",,
330,kUeT_polYmORphic,KHULNA UNIVERSITY OF ENGINEERING AND TECHNOLOGY,3,488,2,,,"✓
4(93)",,"✓
6(325)","✓
1(70)",,1
331,SUST_reCURSion,SHAHJALAL UNIVERSITY OF SCIENCE AND TECHNOLOGY,5,773,2,"✓
1(226)",,"✓
1(19)","✓
4(249)","✓
3(201)","✓
1(78)",,
332,BUBT_Lowerbound,BANGLADESH UNIVERSITY OF BUSINESS AND TECHNOLOGY,2,340,2,,,"✓
2(45)",1,2,"✓
6(295)",,
333,Nameless,MAWLANA BHASHANI SCIENCE AND TECHNOLOGY UNIVERSITY,3,442,2,,,"✓
1(17)","✓
5(315)",,"✓
1(110)",,
334,BUBT_GrayHats,BANGLADESH UNIVERSITY OF BUSINESS AND TECHNOLOGY,2,296,2,,,"✓
3(68)",,2,"✓
1(228)",,
335,DIU_RadioActive,DAFFODIL INTERNATIONAL UNIVERSITY,2,150,2,,,"✓
1(18)",,2,"✓
1(132)",,
336,BSMRSTU_Not_Strong_Enough,BANGABANDHU SHEIKH MUJIBUR RAHMAN SCIENCE AND TECHNOLOGY UNIVERSITY,2,364,2,,,"✓
4(138)",,,"✓
1(226)",,
337,RUET_AlgoWizard,RAJSHAHI UNIVERSITY OF ENGINEERING & TECHNOLOGY,4,600,2,2,,"✓
1(16)","✓
5(266)","✓
3(221)","✓
1(97)",,
338,AUB_Gryffindor,ASIAN UNIVERSITY OF BANGLADESH,2,378,2,,,"✓
2(123)",,5,"✓
4(255)",,
339,NUB_Triverse,NORTHERN UNIVERSITY BANGLADESH,3,723,2,,1,"✓
9(308)","✓
2(216)",4,"✓
4(199)",,4
340,SEMICOLON,SHAHJALAL UNIVERSITY OF SCIENCE AND TECHNOLOGY,2,291,2,,,"✓
7(214)",,4,"✓
1(77)",,
341,UAP_Raptors,UNIVERSITY OF ASIA PACIFIC,2,487,2,,,"✓
5(144)",,4,"✓
7(343)",,
342,ULAB_Cryptix,UNIVERSITY OF LIBERAL ARTS BANGLADESH,1,206,2,,,"✓
8(206)",,13,7,,
343,DIU_StriverS,DAFFODIL INTERNATIONAL UNIVERSITY,1,529,2,,,"✓
17(529)",,,,,
344,SU_Core_3,SONARGAON UNIVERSITY,3,872,2,1,"✓
1(128)","✓
16(537)",,1,"✓
1(207)",,
345,MU_ArrayAvengers,METROPOLITAN UNIVERSITY,1,22,2,,,"✓
1(22)",,1,,,
346,BU_BitBlasters,UNIVERSITY OF BARISHAL,1,24,2,5,,"✓
1(24)",,3,3,,
347,BRACU_SpaghettiCoders,BRAC UNIVERSITY,1,44,2,,,"✓
1(44)",,1,1,,
348,BSMRSTU_S_MOD_3,BANGABANDHU SHEIKH MUJIBUR RAHMAN SCIENCE AND TECHNOLOGY UNIVERSITY,1,27,2,,,"✓
1(27)",,12,,,
349,CU_Three_Dots,UNIVERSITY OF CHITTAGONG,2,130,2,,,"✓
2(49)",1,2,"✓
1(81)",,
350,IST_neverGiveUp,INSTITUTE OF SCIENCE AND TECHNOLOGY,2,110,2,,,"✓
1(18)",6,4,"✓
1(92)",,
351,PCIU_BitRangers,PORT CITY INTERNATIONAL UNIVERSITY,1,17,2,,,"✓
1(17)",,,4,,
352,CCN_Flashback,CCN UNIVERSITY OF SCIENCE & TECHNOLOGY,1,18,2,,,"✓
1(18)",,,7,,
353,UAP_Knight_Fury,UNIVERSITY OF ASIA PACIFIC,1,62,2,,,"✓
2(62)",,2,3,,
354,AUST_HonorRedX,AHSANULLAH UNIVERSITY OF SCIENCE AND TECHNOLOGY,4,218,2,,,"✓
1(20)","✓
1(50)","✓
1(124)","✓
1(24)",,
355,IUT_URA,ISLAMIC UNIVERSITY OF TECHNOLOGY,2,130,2,,,"✓
1(21)",,7,"✓
3(109)",,
356,CoU_Error_404,COMILLA UNIVERSITY,2,154,2,,,"✓
1(17)",,8,"✓
4(137)",,
357,AUST_t800,AHSANULLAH UNIVERSITY OF SCIENCE AND TECHNOLOGY,2,106,2,,,"✓
1(17)",,1,"✓
2(89)",,
358,SUST_Watermelon,SHAHJALAL UNIVERSITY OF SCIENCE AND TECHNOLOGY,2,87,2,,,"✓
1(24)",,6,"✓
1(63)",,
359,IIUC_Infinite_Bugs,INTERNATIONAL ISLAMIC UNIVERSITY CHITTAGONG,1,16,2,,,"✓
1(16)",,3,,,
360,LU_unauthorized,"LEADING UNIVERSITY, SYLHET",1,27,2,,,"✓
1(27)",,2,,,
361,SUST Runtime Terrors,SHAHJALAL UNIVERSITY OF SCIENCE AND TECHNOLOGY,3,245,2,,,"✓
1(33)","✓
1(129)",6,"✓
2(83)",,
362,DRACARYS,CHITTAGONG UNIVERSITY OF ENGINEERING & TECHNOLOGY,3,248,2,,,"✓
2(53)","✓
1(109)",5,"✓
2(86)",,
363,DIU_404TLE,DAFFODIL INTERNATIONAL UNIVERSITY,1,29,2,,,"✓
1(29)",,3,7,,
364,SUST_Malware,SHAHJALAL UNIVERSITY OF SCIENCE AND TECHNOLOGY,3,256,2,,,"✓
1(20)","✓
3(189)",5,"✓
1(47)",,
365,LU_GRYFFINDOR,"LEADING UNIVERSITY, SYLHET",1,33,2,,,"✓
1(33)",2,1,6,,
366,PUC_x10sion,PREMIER UNIVERSITY CHITTAGONG,1,34,2,,,"✓
1(34)",,3,3,,
367,BRACU_BugWhisperers,BRAC UNIVERSITY,4,268,2,1,2,"✓
1(14)","✓
3(100)","✓
1(114)","✓
1(40)",,
368,Ingenious_Wizards,BANGLADESH UNIVERSITY OF PROFESSIONALS,4,270,2,,,"✓
1(19)","✓
1(90)","✓
1(105)","✓
1(56)",,
369,IIUC_StrawHats,INTERNATIONAL ISLAMIC UNIVERSITY CHITTAGONG,1,11,2,,,"✓
1(11)",,3,5,,
370,EDU_LoopLords,"EAST DELTA UNIVERSITY, CHITTAGONG",1,41,2,,,"✓
2(41)",,,,,
371,IU_SomonNoyoks*_*,"ISLAMIC UNIVERSITY, BANGLADESH",3,271,2,,,"✓
1(27)",,"✓
1(186)","✓
1(58)",,
372,BSMRSTU_Imaginators,BANGABANDHU SHEIKH MUJIBUR RAHMAN SCIENCE AND TECHNOLOGY UNIVERSITY,3,236,2,,,"✓
1(17)","✓
3(176)",7,"✓
1(43)",,
373,IUT_Rebound,ISLAMIC UNIVERSITY OF TECHNOLOGY,1,21,2,,,"✓
1(21)",,5,7,,
374,BGC_Constant,BGC TRUST UNIVERSITY BANGLADESH,1,65,2,1,1,"✓
1(65)",,3,5,,
375,BUET_Tortoise,BANGLADESH UNIVERSITY OF ENGINEERING AND TECHNOLOGY,4,298,2,2,,"✓
1(20)","✓
1(103)","✓
1(111)","✓
2(64)",,
376,DCC_Trojans,DHAKA CITY COLLEGE,1,29,2,,,"✓
1(29)",,4,5,,
377,CUET_Kauwa,CHITTAGONG UNIVERSITY OF ENGINEERING & TECHNOLOGY,2,98,2,,,"✓
1(38)",13,9,"✓
1(60)",,
378,PUC_AlphaClan,PREMIER UNIVERSITY CHITTAGONG,1,33,2,,,"✓
1(33)",,,1,,
379,UP&down,UNIVERSITY OF BARISHAL,1,97,2,,,"✓
3(97)",,,1,,
380,NSU_Sickle,NORTH SOUTH UNIVERSITY,3,292,2,,5,"✓
3(127)","✓
1(103)",4,"✓
1(62)",,
381,MBSTU_Knapsack,MAWLANA BHASHANI SCIENCE AND TECHNOLOGY UNIVERSITY,3,243,2,,,"✓
1(23)","✓
2(154)",3,"✓
1(66)",,
382,NOOBS,SHAHJALAL UNIVERSITY OF SCIENCE AND TECHNOLOGY,1,28,2,,,"✓
1(28)",,2,7,,
383,BGC_Ninjas,BGC TRUST UNIVERSITY BANGLADESH,1,15,2,,,"✓
1(15)",,2,7,,
384,JU_NTR,JAHANGIRNAGAR UNIVERSITY,2,138,2,,,"✓
1(20)",,6,"✓
2(118)",1,
385,RUET_RecursiveRunners(),RAJSHAHI UNIVERSITY OF ENGINEERING & TECHNOLOGY,3,322,2,1,,"✓
1(17)","✓
4(203)",7,"✓
3(102)",,
386,UGV_Team-404,UNIVERSITY OF GLOBAL VILLAGE,1,42,2,,,"✓
1(42)",,,8,,
387,00_Cyborgs_KYAU,KHWAJA YUNUS ALI UNIVERSITY,1,166,2,,,"✓
4(166)",,,3,,
388,IIUC_Pain,INTERNATIONAL ISLAMIC UNIVERSITY CHITTAGONG,2,177,2,,,"✓
2(72)","✓
1(105)",5,5,,
389,BUET_Phi,BANGLADESH UNIVERSITY OF ENGINEERING AND TECHNOLOGY,4,344,2,2,,"✓
2(40)","✓
2(89)","✓
3(194)","✓
1(21)",,
390,DIU_Kryptos,DAFFODIL INTERNATIONAL UNIVERSITY,1,53,2,,,"✓
2(53)",,2,1,,
391,trio_QUbit,NORTHERN UNIVERSITY OF BUSINESS AND TECHNOLOGY KHULNA,2,134,2,,,"✓
1(21)",,1,"✓
1(113)",,
392,DIU_NOOBS,DAFFODIL INTERNATIONAL UNIVERSITY,1,33,2,,,"✓
1(33)",,2,,,
393,MIST_BinaryBrigade_2.0,MILITARY INSTITUTE OF SCIENCE AND TECHNOLOGY,3,337,2,,,"✓
2(41)","✓
1(208)",4,"✓
2(88)",,
394,BUET_TLE,BANGLADESH UNIVERSITY OF ENGINEERING AND TECHNOLOGY,4,360,2,,,"✓
1(14)","✓
4(145)","✓
2(165)","✓
1(36)",,
395,Team_Novelist,MAWLANA BHASHANI SCIENCE AND TECHNOLOGY UNIVERSITY,2,225,2,,,"✓
3(92)",,,"✓
2(133)",,
396,Aiub_Byte_Knights,AMERICAN INTERNATIONAL UNIVERSITY - BANGLADESH,2,168,2,,,"✓
1(14)",,2,"✓
3(154)",,
397,NSU_NoTimeForName,NORTH SOUTH UNIVERSITY,2,300,2,,,"✓
2(65)",,,"✓
4(235)",,
398,IST_CodeCrafters,INSTITUTE OF SCIENCE AND TECHNOLOGY,2,171,2,,,"✓
1(22)",,,"✓
1(149)",,
399,BUBT_Falcons_000,BANGLADESH UNIVERSITY OF BUSINESS AND TECHNOLOGY,2,144,2,,,"✓
1(27)",,6,"✓
2(117)",,
400,PU_Binary_Search,PRESIDENCY UNIVERSITY,2,95,2,5,,"✓
1(47)",,16,"✓
2(48)",,
401,DCC_Binary_Wizards,DHAKA CITY COLLEGE,2,216,3,,,"✓
1(35)",,4,"✓
5(181)",,
402,BUBT_Celestials,BANGLADESH UNIVERSITY OF BUSINESS AND TECHNOLOGY,1,80,3,,,"✓
3(80)",,,21,,
403,CUET_Retrieval,CHITTAGONG UNIVERSITY OF ENGINEERING & TECHNOLOGY,3,380,3,,,"✓
1(18)",,"✓
5(251)","✓
3(111)",,
404,SMUCT_WA_Once_Again,SHANTO-MARIAM UNIVERSITY OF CREATIVE TECHNOLOGY,1,233,3,,,"✓
10(233)",,,10,,
405,BUET_UNDEADS,BANGLADESH UNIVERSITY OF ENGINEERING AND TECHNOLOGY,4,392,3,,3,"✓
1(21)","✓
4(189)","✓
1(120)","✓
2(62)",,
406,DCC_Axions,DHAKA CITY COLLEGE,2,225,3,,,"✓
1(32)",,2,"✓
1(193)",,
407,DIU_NothingX,DAFFODIL INTERNATIONAL UNIVERSITY,1,50,3,,,"✓
2(50)",,3,,,
408,IU Bit_Bangers,"ISLAMIC UNIVERSITY, BANGLADESH",3,345,3,,,"✓
1(26)",,"✓
3(263)","✓
1(56)",,
409,EWU_WolfPack,EAST WEST UNIVERSITY,1,28,3,,,"✓
1(28)",,3,15,,
410,NSU_Veritasium,NORTH SOUTH UNIVERSITY,4,402,3,1,,"✓
2(51)","✓
2(105)","✓
3(229)","✓
1(17)",,
411,MANATRI_CCNUST,CCN UNIVERSITY OF SCIENCE & TECHNOLOGY,3,295,3,,,"✓
4(122)","✓
1(90)",5,"✓
1(83)",,
412,BUET_skill_issue,BANGLADESH UNIVERSITY OF ENGINEERING AND TECHNOLOGY,4,410,3,,,"✓
1(17)","✓
5(188)","✓
2(178)","✓
1(27)",,
413,CUET_Unknown,CHITTAGONG UNIVERSITY OF ENGINEERING & TECHNOLOGY,3,379,3,,,"✓
1(29)","✓
2(209)",2,"✓
2(141)",,
414,Bit_by_bit,JATIYA KABI KAZI NAZRUL ISLAM UNIVERSITY,2,348,3,,,"✓
4(159)",,,"✓
2(189)",,
415,NSTU_Void,NOAKHALI SCIENCE AND TECHNOLOGY UNIVERSITY,1,74,3,,,"✓
2(74)",,4,4,,
416,Introverts,KHULNA UNIVERSITY OF ENGINEERING AND TECHNOLOGY,4,414,3,,,"✓
1(15)","✓
5(171)","✓
2(177)","✓
1(51)",,
417,Kuet_Sparta,KHULNA UNIVERSITY OF ENGINEERING & TECHNOLOGY,4,416,3,,,"✓
1(15)","✓
4(128)","✓
5(243)","✓
1(30)",,
418,NSU_soThatsABugg,NORTH SOUTH UNIVERSITY,2,293,3,,,"✓
4(120)",,3,"✓
1(173)",,
419,UITS_NoobProgrammer,UNIVERSITY OF INFORMATION TECHNOLOGY & SCIENCES,1,25,3,,,"✓
1(25)",,5,,,
420,NSU_Drowning_in_Despair,NORTH SOUTH UNIVERSITY,3,410,3,,,"✓
2(47)","✓
1(131)",4,"✓
3(232)",,
421,IIUC_TheMirageFate,INTERNATIONAL ISLAMIC UNIVERSITY CHITTAGONG,2,288,3,,,"✓
1(36)",,2,"✓
7(252)",,
422,MBSTU_Golden-Snitch,MAWLANA BHASHANI SCIENCE AND TECHNOLOGY UNIVERSITY,1,23,3,,,"✓
1(23)",,7,,,
423,DU_Featherless_Bipeds,UNIVERSITY OF DHAKA,4,426,3,11,1,"✓
2(45)","✓
3(138)","✓
2(172)","✓
2(71)",,
424,PAU_TooCoolToCompile,PRIMEASIA UNIVERSITY,1,83,3,,,"✓
3(83)",,2,,,
425,Null_Pointers,UNIVERSITY OF BARISHAL,3,425,3,,,"✓
1(22)",,"✓
1(231)","✓
4(172)",,
426,LU_DynamicTrio,"LEADING UNIVERSITY, SYLHET",1,19,3,,,"✓
1(19)",,2,,,
427,BRACU_BoysBD,BRAC UNIVERSITY,3,429,3,,,"✓
2(45)","✓
4(212)",10,"✓
6(172)",,
428,KUET_No_Idea,KHULNA UNIVERSITY OF ENGINEERING & TECHNOLOGY,3,284,3,,,"✓
1(12)","✓
4(150)",4,"✓
3(122)",,
429,LocalCoders20,MAWLANA BHASHANI SCIENCE AND TECHNOLOGY UNIVERSITY,1,98,3,,,"✓
3(98)",,6,2,,
430,FEC_loosers,FARIDPUR ENGINEERING COLLEGE,2,174,3,,,"✓
1(40)",,1,"✓
1(134)",,
431,IUT_20marksLagbena,ISLAMIC UNIVERSITY OF TECHNOLOGY,2,294,3,,,"✓
2(55)",,12,"✓
4(239)",,
432,BUBT_Mudbloods,BANGLADESH UNIVERSITY OF BUSINESS AND TECHNOLOGY,3,437,3,,,"✓
2(68)","✓
4(269)",4,"✓
1(100)",,
433,BUET_OBANCHITO,BANGLADESH UNIVERSITY OF ENGINEERING AND TECHNOLOGY,4,465,3,,6,"✓
2(35)","✓
6(190)","✓
5(217)","✓
1(23)",,
434,Ulab_Cyphers,UNIVERSITY OF LIBERAL ARTS BANGLADESH,1,89,3,,,"✓
3(89)",,1,4,,
435,NSU_TeamAseh,NORTH SOUTH UNIVERSITY,4,469,3,,,"✓
1(16)","✓
4(150)","✓
2(244)","✓
2(59)",,
436,BSMRSTU_Cipherpol_0,BANGABANDHU SHEIKH MUJIBUR RAHMAN SCIENCE AND TECHNOLOGY UNIVERSITY,2,148,3,,,"✓
2(45)",,2,"✓
3(103)",,
437,DIU_Infinite.Loopers,DAFFODIL INTERNATIONAL UNIVERSITY,2,357,3,,,"✓
3(147)","✓
2(210)",5,,,
438,Bit String,INTERNATIONAL ISLAMIC UNIVERSITY CHITTAGONG,2,194,3,,,"✓
2(52)",1,3,"✓
3(142)",,
439,BUET_APTERYX,BANGLADESH UNIVERSITY OF ENGINEERING AND TECHNOLOGY,4,476,3,,,"✓
1(25)","✓
3(186)","✓
2(244)","✓
1(21)",,
440,JUST_ZENITH,JASHORE UNIVERSITY OF SCIENCE AND TECHNOLOGY,4,478,3,5,,"✓
1(21)","✓
4(189)","✓
3(201)","✓
1(67)",,
441,CityU_ThreeBytes,CITY UNIVERSITY,3,473,3,,,"✓
4(144)","✓
1(177)",6,"✓
1(152)",,
442,JU_MNM_Squad,JAHANGIRNAGAR UNIVERSITY,2,244,3,,,"✓
4(100)",,5,"✓
1(144)",,
443,DIU_3 Idiots,DAFFODIL INTERNATIONAL UNIVERSITY,1,135,3,,,"✓
4(135)",,4,,,
444,Pixel_Ninjas,INTERNATIONAL ISLAMIC UNIVERSITY CHITTAGONG,2,302,3,,,"✓
1(22)",,4,"✓
4(280)",,
445,IUT_Shinigami,ISLAMIC UNIVERSITY OF TECHNOLOGY,2,292,3,,,"✓
4(99)",1,9,"✓
6(193)",,
446,CoU_Codemaster,COMILLA UNIVERSITY,1,97,3,,,"✓
3(97)",,1,4,,
447,Turing machine,KHULNA UNIVERSITY OF ENGINEERING AND TECHNOLOGY,4,494,3,3,,"✓
1(24)","✓
4(189)","✓
2(201)","✓
2(80)",,
448,Binary_EDITH,BANGLADESH UNIVERSITY,2,373,3,,,"✓
2(58)",2,5,"✓
6(315)",,1
449,MIST_Cryptics,MILITARY INSTITUTE OF SCIENCE AND TECHNOLOGY,2,326,3,,,"✓
3(125)",,5,"✓
3(201)",,
450,BRACU_DeluluDreamers,BRAC UNIVERSITY,2,245,3,,,"✓
3(112)",,1,"✓
1(133)",,
451,GUB_Afsos_League,GREEN UNIVERSITY OF BANGLADESH,2,271,3,,,"✓
1(20)",,"✓
2(251)",10,,
452,CSTU_Innovators,CHANDPUR SCIENCE AND TECHNOLOGY UNIVERSITY,2,280,3,,,"✓
2(87)","✓
1(193)",3,4,,
453,NSU_CETUS,NORTH SOUTH UNIVERSITY,3,366,3,,,"✓
2(35)","✓
7(251)",6,"✓
2(80)",,
454,Code_Weeders,RAJSHAHI UNIVERSITY OF ENGINEERING & TECHNOLOGY,4,528,3,,,"✓
2(44)","✓
6(235)","✓
3(211)","✓
1(38)",1,
455,SU_All_Are_Newbie,SONARGAON UNIVERSITY,3,518,3,,,"✓
4(147)","✓
2(197)",,"✓
2(174)",,
456,RUET_MODULUS,RAJSHAHI UNIVERSITY OF ENGINEERING & TECHNOLOGY,3,487,3,,,"✓
1(35)","✓
2(151)",1,"✓
6(301)",,
457,UIU_Direwolves,UNITED INTERNATIONAL UNIVERSITY,2,194,3,,,"✓
2(45)",,,"✓
1(149)",,
458,UIU_Entropy,UNITED INTERNATIONAL UNIVERSITY,2,439,3,,,"✓
2(62)",,2,"✓
12(377)",,
459,Alpha_Centauri,RANGAMATI SCIENCE & TECHNOLOGY UNIVERSITY,4,550,3,,,"✓
2(38)","✓
2(239)","✓
2(218)","✓
1(55)",,
460,IIUC_stormbreakers,INTERNATIONAL ISLAMIC UNIVERSITY CHITTAGONG,2,340,3,,,"✓
2(66)",,,"✓
4(274)",,
461,CUET_CUET,CHITTAGONG UNIVERSITY OF ENGINEERING & TECHNOLOGY,4,555,3,2,,"✓
1(23)","✓
2(142)","✓
4(279)","✓
2(111)",,
462,CoU_Standing_Watchers,COMILLA UNIVERSITY,2,368,3,,,"✓
2(40)",10,,"✓
8(328)",,
463,CodeRangers,PRESIDENCY UNIVERSITY,3,479,3,,,"✓
2(65)","✓
2(259)",2,"✓
3(155)",,
464,AlphaCoder_SHU,SHEIKH HASINA UNIVERSITY,2,337,3,1,,"✓
1(19)",,"✓
8(318)",6,,
465,neub_ZZZ,NORTH EAST UNIVERSITY BANGLADESH,1,163,3,,,"✓
3(163)",,2,4,,
466,DIU_Boss_Publics,DAFFODIL INTERNATIONAL UNIVERSITY,1,47,3,,,"✓
1(47)",,1,,,
467,BSMRSTU_NOOB_SQUAD,BANGABANDHU SHEIKH MUJIBUR RAHMAN SCIENCE AND TECHNOLOGY UNIVERSITY,2,377,3,,,"✓
2(54)",2,5,"✓
6(323)",,
468,NSU_LivingNightmare,NORTH SOUTH UNIVERSITY,2,417,3,,,"✓
6(264)",,1,"✓
1(153)",,
469,CUET_ByteRiders,CHITTAGONG UNIVERSITY OF ENGINEERING & TECHNOLOGY,4,583,3,,,"✓
2(41)","✓
3(258)","✓
2(212)","✓
1(72)",,
470,JUST_CPC,JASHORE UNIVERSITY OF SCIENCE AND TECHNOLOGY,3,529,3,,,"✓
2(58)",,"✓
2(245)","✓
5(226)",,
471,DIU_Void Hunters,DAFFODIL INTERNATIONAL UNIVERSITY,1,72,3,,,"✓
2(72)",,6,,,
472,CodeTrio,"JAGANNATH UNIVERSITY, BANGLADESH",2,411,3,,,"✓
5(186)",,,"✓
2(225)",,
473,SrEsoL,RAJSHAHI UNIVERSITY OF ENGINEERING & TECHNOLOGY,4,620,3,,,"✓
1(39)","✓
5(224)","✓
2(252)","✓
1(105)",,
474,CityU_Team_Member_Nai,CITY UNIVERSITY,3,608,3,,1,"✓
4(215)","✓
1(211)",1,"✓
1(182)",,
475,Team_Chronicle,SHEIKH HASINA UNIVERSITY,2,411,3,,,"✓
1(21)",,,"✓
9(390)",,
476,RU_NeverGiveUp,UNIVERSITY OF RAJSHAHI,2,291,3,,,"✓
4(89)",,5,"✓
5(202)",,
477,KUET_Blackburn,KHULNA UNIVERSITY OF ENGINEERING AND TECHNOLOGY,4,634,3,4,,"✓
1(12)","✓
1(175)","✓
7(336)","✓
2(111)",,
478,DUkhie_Pookies,UNIVERSITY OF DHAKA,4,634,3,,,"✓
2(48)","✓
3(171)","✓
5(318)","✓
3(97)",,
479,DIU_Curious_Trio,DAFFODIL INTERNATIONAL UNIVERSITY,3,386,3,,,"✓
1(20)","✓
3(122)","✓
3(244)",1,,
480,KU_sprout,KHULNA UNIVERSITY,1,371,3,,,"✓
9(371)",,7,3,,
481,NSU_GOODFELLAS,NORTH SOUTH UNIVERSITY,2,255,3,,,"✓
2(73)",,5,"✓
4(182)",,
482,CUET_Barbados,CHITTAGONG UNIVERSITY OF ENGINEERING & TECHNOLOGY,4,664,3,,,"✓
2(37)","✓
7(356)","✓
4(228)","✓
1(43)",,
483,BUET_Once_Again,BANGLADESH UNIVERSITY OF ENGINEERING AND TECHNOLOGY,4,683,3,,,"✓
1(16)","✓
11(391)","✓
4(220)","✓
2(56)",,
484,Starry_Dystopia,SHAHJALAL UNIVERSITY OF SCIENCE AND TECHNOLOGY,4,686,3,4,,"✓
2(69)","✓
3(190)","✓
7(319)","✓
2(108)",,
485,CUET_Frozen_Star,CHITTAGONG UNIVERSITY OF ENGINEERING & TECHNOLOGY,3,491,3,,,"✓
6(173)","✓
2(183)",15,"✓
2(135)",,
486,PUC_semicolon;,PREMIER UNIVERSITY CHITTAGONG,3,546,3,,,"✓
3(79)","✓
3(261)",12,"✓
5(206)",,
487,BU_Algo_Avengers,BANGLADESH UNIVERSITY,2,659,3,,,"✓
8(291)",,,"✓
8(368)",,1
488,DU_LOSERS,UNIVERSITY OF DHAKA,2,336,3,,,"✓
3(76)",,16,"✓
4(260)",,
489,ZHSUST_CSE_999+,Z. H. SIKDER UNIVERSITY OF SCIENCE AND TECHNOLOGY,2,559,3,,,"✓
8(314)",,7,"✓
5(245)",,
490,HSTU_Brogrammer,HAJEE MOHAMMAD DANESH SCIENCE AND TECHNOLOGY UNIVERSITY,3,718,3,,,"✓
2(41)","✓
14(499)",,"✓
5(178)",,
491,DU_Spellcasters,UNIVERSITY OF DHAKA,2,700,3,,,"✓
8(312)",,2,"✓
12(388)",,
492,UAP_BitBlasters,UNIVERSITY OF ASIA PACIFIC,2,680,3,,,"✓
2(50)",,,"✓
22(630)",,
493,BU_MIND MINE_PREDATORS,BANGLADESH UNIVERSITY,1,298,3,,1,"✓
10(298)",3,,24,,1
494,IUT_ByteCrackers,ISLAMIC UNIVERSITY OF TECHNOLOGY,3,760,3,,,"✓
2(56)",1,"✓
10(407)","✓
8(297)",,
495,PU Anonymous,PRESIDENCY UNIVERSITY,3,941,3,1,,"✓
3(140)",1,"✓
26(712)","✓
2(89)",,
496,MIU_Debug_Overflow,MANARAT INTERNATIONAL UNIVERSITY,2,563,3,,,"✓
10(294)",2,1,"✓
5(269)",,
497,IIUC_Chasers,INTERNATIONAL ISLAMIC UNIVERSITY CHITTAGONG,1,22,3,,,"✓
1(22)",,6,,,
498,PSTU_Explorers,PATUAKHALI SCIENCE AND TECHNOLOGY UNIVERSITY,2,76,3,,,"✓
1(23)",3,2,"✓
1(53)",,
499,CU_Bruteforcers,UNIVERSITY OF CHITTAGONG,2,72,3,,,"✓
1(18)",,1,"✓
1(54)",,
500,BUBT_Binary_Engineers,BANGLADESH UNIVERSITY OF BUSINESS AND TECHNOLOGY,1,40,3,,,"✓
1(40)",,2,1,,
501,ISU The ErRoRs,INTERNATIONAL STANDARD UNIVERSITY,1,54,3,,,"✓
1(54)",,,10,,
502,DIU_BetterLuckNextTime,DAFFODIL INTERNATIONAL UNIVERSITY,1,35,3,,,"✓
1(35)",,2,,,
503,IIUC_RAW,INTERNATIONAL ISLAMIC UNIVERSITY CHITTAGONG,1,56,3,,,"✓
2(56)",,1,7,,
504,The Debugging Ducks,METROPOLITAN UNIVERSITY,1,45,3,,,"✓
2(45)",,1,,,
505,UITS_NotAgain,UNIVERSITY OF INFORMATION TECHNOLOGY & SCIENCES,1,81,3,,,"✓
3(81)",,39,,,
506,JU_Beauty&Bits,JAHANGIRNAGAR UNIVERSITY,2,114,3,,,"✓
1(24)",,6,"✓
1(90)",,
507,PSTU_LittleStars,PATUAKHALI SCIENCE AND TECHNOLOGY UNIVERSITY,2,69,3,,,"✓
1(22)",,4,"✓
1(47)",,
508,Name_Doesn't_Matter,PABNA UNIVERSITY OF SCIENCE AND TECHNOLOGY,2,139,3,,,"✓
1(25)",,,"✓
2(114)",,
509,PCIU_Ternary,PORT CITY INTERNATIONAL UNIVERSITY,0,0,3,,,5,,,,,
510,Losers Wants to be Choosers,INTERNATIONAL ISLAMIC UNIVERSITY CHITTAGONG,1,48,3,2,,"✓
1(48)",,,4,,
511,VU_King's Gambit,VARENDRA UNIVERSITY,1,27,3,,,"✓
1(27)",,4,1,,
512,BGC_Team_Dim,BGC TRUST UNIVERSITY BANGLADESH,2,149,3,,,"✓
1(23)","✓
1(126)",,2,,
513,FEC_CODEBREAKERS,FARIDPUR ENGINEERING COLLEGE,3,161,3,,,"✓
1(33)","✓
1(76)",3,"✓
1(52)",,
514,SEC_is_a_family,SYLHET ENGINEERING COLLEGE,1,20,3,,,"✓
1(20)",5,,6,,
515,MIST_Stormers,MILITARY INSTITUTE OF SCIENCE AND TECHNOLOGY,3,168,3,,,"✓
1(15)","✓
2(109)",4,"✓
1(44)",,
516,Recursive Rebels23ku,KHULNA UNIVERSITY,1,25,3,,,"✓
1(25)",,7,,,
517,AIUB_FlareBlitz,AMERICAN INTERNATIONAL UNIVERSITY - BANGLADESH,1,126,3,,1,"✓
5(126)",1,4,6,,
518,CityU_Nova_Corp,CITY UNIVERSITY,2,159,3,,,"✓
1(50)","✓
1(109)",4,,,
519,FALcoN_3.0,MAWLANA BHASHANI SCIENCE AND TECHNOLOGY UNIVERSITY,2,49,3,,1,"✓
1(20)",5,3,"✓
1(29)",,
520,IUB_NerdHerd,INDEPENDENT UNIVERSITY - BANGLADESH,2,138,3,,,"✓
1(21)",1,5,"✓
4(117)",,
521,Code Warriors,ATISH DIPANKAR UNIVERSITY OF SCIENCE & TECHNOLOGY,1,92,3,,,"✓
2(92)",,,7,,
522,SEU_Ctrl+Z,"SOUTHEAST UNIVERSITY, BANGLADESH",1,25,3,,,"✓
1(25)",,1,,,
523,The_Deprivers,SHAHJALAL UNIVERSITY OF SCIENCE AND TECHNOLOGY,3,181,3,,2,"✓
1(25)","✓
3(105)",2,"✓
1(51)",,
524,BRACU_Shockahoto,BRAC UNIVERSITY,2,152,3,,,"✓
1(27)",,3,"✓
2(125)",,
525,RU_Debug_Dons,UNIVERSITY OF RAJSHAHI,1,28,3,,,"✓
1(28)",,2,2,,
526,ULAB_aNonyMOus,UNIVERSITY OF LIBERAL ARTS BANGLADESH,2,173,3,,,"✓
2(49)","✓
2(124)",1,3,,
527,RU_OutOfCP,UNIVERSITY OF RAJSHAHI,0,0,3,,,,,,,,
528,CUET_Byte_Mates,CHITTAGONG UNIVERSITY OF ENGINEERING & TECHNOLOGY,2,81,3,,,"✓
1(24)",,1,"✓
1(57)",,
529,BSMRSTU_Beginning_Of_The_End,BANGABANDHU SHEIKH MUJIBUR RAHMAN SCIENCE AND TECHNOLOGY UNIVERSITY,2,175,3,4,,"✓
2(44)",,"✓
1(131)",7,,
530,IUBAT_DBug,INTERNATIONAL UNIVERSITY OF BUSINESS AGRICULTURE AND TECHNOLOGY,1,74,3,,,"✓
1(74)",,8,4,,
531,Return Zero,NORTHERN UNIVERSITY BANGLADESH,1,24,3,,,"✓
1(24)",,,4,,
532,BUBT_Retired_Participants,BANGLADESH UNIVERSITY OF BUSINESS AND TECHNOLOGY,3,190,3,,,"✓
2(52)","✓
2(98)",6,"✓
1(40)",,
533,Odorous_House,KHULNA UNIVERSITY OF ENGINEERING AND TECHNOLOGY,3,192,3,,,"✓
1(13)",,"✓
2(143)","✓
1(36)",,
534,LU_Lemon_Drops,"LEADING UNIVERSITY, SYLHET",1,50,3,,,"✓
2(50)",,7,2,,
535,MBSTU__Last_Chance,MAWLANA BHASHANI SCIENCE AND TECHNOLOGY UNIVERSITY,1,43,3,,,"✓
1(43)",,1,5,,
536,DU_3_idiot,UNIVERSITY OF DHAKA,2,152,3,,,"✓
1(24)",,6,"✓
3(128)",,
537,UITS_ACES,UNIVERSITY OF INFORMATION TECHNOLOGY & SCIENCES,1,18,3,,,"✓
1(18)",,1,,,
538,MU_Late_Executors,METROPOLITAN UNIVERSITY,1,42,3,,,"✓
1(42)",,12,1,,
539,BUET_edge_case,BANGLADESH UNIVERSITY OF ENGINEERING AND TECHNOLOGY,3,202,3,,,"✓
1(27)","✓
2(120)",7,"✓
1(55)",,
540,IIUC_NULL,INTERNATIONAL ISLAMIC UNIVERSITY CHITTAGONG,2,189,3,,,"✓
1(31)",,9,"✓
3(158)",,
541,BSMRSTU_micky_mouse,BANGABANDHU SHEIKH MUJIBUR RAHMAN SCIENCE AND TECHNOLOGY UNIVERSITY,1,79,3,,,"✓
1(79)",,4,6,,
542,BUBT_4zero4,BANGLADESH UNIVERSITY OF BUSINESS AND TECHNOLOGY,0,0,3,,1,3,,,2,,
543,EDU_Cipher_Savants,"EAST DELTA UNIVERSITY, CHITTAGONG",1,140,3,,,"✓
4(140)",,,,,
544,BUET_Algorithmics,BANGLADESH UNIVERSITY OF ENGINEERING AND TECHNOLOGY,3,207,3,,,"✓
1(16)",3,"✓
1(144)","✓
1(47)",,
545,BUET_Team_Overflow,BANGLADESH UNIVERSITY OF ENGINEERING AND TECHNOLOGY,3,207,3,,,"✓
2(44)","✓
3(127)",2,"✓
1(36)",,
546,DIU_inertia,DAFFODIL INTERNATIONAL UNIVERSITY,1,60,3,,,"✓
2(60)",,,,,
547,IIUC_SyntaxSamurai,INTERNATIONAL ISLAMIC UNIVERSITY CHITTAGONG,1,23,3,,,"✓
1(23)",,,2,,
548,Syntax Synergy,INTERNATIONAL ISLAMIC UNIVERSITY CHITTAGONG,1,39,3,,,"✓
1(39)",,1,,,
549,IUT_Turtles,ISLAMIC UNIVERSITY OF TECHNOLOGY,1,24,3,,,"✓
1(24)",,6,7,,
550,Dynamic_Ninjas,BANGLADESH OPEN UNIVERSITY,1,20,3,,,"✓
1(20)",,2,1,,
551,Bongo_312W,KHULNA UNIVERSITY OF ENGINEERING AND TECHNOLOGY,3,229,3,,,"✓
1(21)","✓
2(152)",1,"✓
1(56)",,
552,Mortal_Legion,BANGLADESH UNIVERSITY OF PROFESSIONALS,2,223,3,,4,"✓
6(160)",4,13,"✓
2(63)",,
553,RU_Triple_JAR,UNIVERSITY OF RAJSHAHI,1,39,3,,,"✓
1(39)",,,5,,
554,Nub Sovereigns,NORTHERN UNIVERSITY BANGLADESH,1,82,3,,,"✓
3(82)",1,3,17,,
555,IUBAT_Infancy,INTERNATIONAL UNIVERSITY OF BUSINESS AGRICULTURE AND TECHNOLOGY,2,175,3,,,"✓
1(53)",,,"✓
1(122)",,
556,Dead_Coders_Redemption_III,MAWLANA BHASHANI SCIENCE AND TECHNOLOGY UNIVERSITY,2,232,3,,,"✓
1(30)",,1,"✓
4(202)",,
557,EEE_AMPLIFIER,UNIVERSITY OF ASIA PACIFIC,1,53,3,,,"✓
1(53)",,3,,,
558,EU_RObyte,EASTERN UNIVERSITY OF BANGLADESH,0,0,3,,,14,,,,,
559,PSTU_Newbies,PATUAKHALI SCIENCE AND TECHNOLOGY UNIVERSITY,2,231,3,,,"✓
2(51)",,3,"✓
3(180)",,
560,DIU_Overlords,DAFFODIL INTERNATIONAL UNIVERSITY,1,43,3,,,"✓
2(43)",,,2,,
561,7MinuteAClear,INTERNATIONAL ISLAMIC UNIVERSITY CHITTAGONG,1,46,3,,,"✓
1(46)",,,5,,
562,UITS_AIMERS,UNIVERSITY OF INFORMATION TECHNOLOGY & SCIENCES,1,117,3,,,"✓
2(117)",,4,,,
563,LU_Unforeseen,"LEADING UNIVERSITY, SYLHET",2,191,3,,,"✓
2(48)",,4,"✓
1(143)",,1
564,UITS_Akatsuki,UNIVERSITY OF INFORMATION TECHNOLOGY & SCIENCES,3,251,3,2,,"✓
3(56)","✓
2(65)",4,"✓
3(130)",,
565,CoU_Bug_Entity,COMILLA UNIVERSITY,2,223,3,"✓
1(183)",,"✓
2(40)",3,5,3,,
566,IST_PANDAS,INSTITUTE OF SCIENCE AND TECHNOLOGY,1,21,3,,,"✓
1(21)",,6,3,,
567,BUBT_AlphaQForces,BANGLADESH UNIVERSITY OF BUSINESS AND TECHNOLOGY,3,256,3,,,"✓
1(15)","✓
3(99)",12,"✓
3(142)",,
568,ICE_NEW_EPOCH,"IMPERIAL COLLEGE OF ENGINEERING, KHULNA",1,103,3,,,4,,8,"✓
1(103)",,
569,PUC_Syntax_Squad,PREMIER UNIVERSITY CHITTAGONG,0,0,3,,,8,,,1,,
570,Void Main(),ISLAMIC UNIVERSITY OF TECHNOLOGY,3,264,3,,,"✓
1(16)","✓
3(154)",5,"✓
3(94)",,
571,NSU_Target_Next_ICPC,NORTH SOUTH UNIVERSITY,3,266,3,1,,"✓
1(24)","✓
1(129)",,"✓
2(113)",,
572,BUBT_EBR,BANGLADESH UNIVERSITY OF BUSINESS AND TECHNOLOGY,2,256,3,,,"✓
5(210)",,6,"✓
1(46)",,
573,DIU_Coding_Crafters,DAFFODIL INTERNATIONAL UNIVERSITY,1,133,3,,,"✓
4(133)",,,3,,
574,DIU_VENGEANCE,DHAKA INTERNATIONAL UNIVERSITY,2,246,3,,,"✓
2(84)",,3,"✓
1(162)",,
575,Alpha Beta,JATIYA KABI KAZI NAZRUL ISLAM UNIVERSITY,3,276,3,,,"✓
1(18)","✓
2(161)",1,"✓
2(97)",,
576,DIU_StingRay,DAFFODIL INTERNATIONAL UNIVERSITY,2,251,3,,,"✓
1(40)",,,"✓
2(211)",,
577,CUET_DebugForces,CHITTAGONG UNIVERSITY OF ENGINEERING & TECHNOLOGY,3,277,3,,,"✓
1(26)",,"✓
1(188)","✓
1(63)",,
578,SEU_Farewell,"SOUTHEAST UNIVERSITY, BANGLADESH",1,135,3,,,"✓
3(135)",,9,1,,
579,JU_OddBits,JAHANGIRNAGAR UNIVERSITY,2,278,3,,,"✓
1(23)",,"✓
3(255)",2,,
580,CodeWizards,SHEIKH HASINA UNIVERSITY,2,274,3,,,"✓
1(40)",,3,"✓
2(234)",,
581,Bup_Data_troops,BANGLADESH UNIVERSITY OF PROFESSIONALS,3,285,3,,,"✓
1(28)","✓
4(198)",2,"✓
1(59)",,
582,MBSTU_CoderLeague,MAWLANA BHASHANI SCIENCE AND TECHNOLOGY UNIVERSITY,1,169,3,,,"✓
4(169)",,,,,
583,BUBT_!ZERO,BANGLADESH UNIVERSITY OF BUSINESS AND TECHNOLOGY,1,112,3,,,"✓
3(112)",,1,4,,
584,Byte_Me,BANGLADESH UNIVERSITY OF PROFESSIONALS,2,147,3,,,"✓
1(49)",,2,"✓
1(98)",,
585,IU_TLE,"ISLAMIC UNIVERSITY, BANGLADESH",1,119,3,,,"✓
3(119)",,2,4,,
586,JKKNIU_newbie,JATIYA KABI KAZI NAZRUL ISLAM UNIVERSITY,2,278,3,,,"✓
1(26)",,2,"✓
7(252)",,
587,MU_BeyondNothing,METROPOLITAN UNIVERSITY,1,30,3,,,"✓
1(30)",,2,,,
588,BAIUST_Auditorium,BANGLADESH ARMY INTERNATIONAL UNIVERSITY OF SCIENCE AND TECHNOLOGY,0,0,3,,1,17,,1,10,,
589,problem_eliminator,BARISAL INFORMATION TECHNOLOGY COLLEGE,1,131,3,,,"✓
5(131)",,6,2,,
590,BUET_Aldebaran,BANGLADESH UNIVERSITY OF ENGINEERING AND TECHNOLOGY,3,295,3,,,"✓
1(20)",,"✓
2(212)","✓
2(63)",,
591,DCC_Byte Blasters,DHAKA CITY COLLEGE,1,48,3,,,"✓
1(48)",,,1,,
592,S-N-S SQUAD,KHWAJA YUNUS ALI UNIVERSITY,2,252,3,,,"✓
1(33)",1,5,"✓
1(219)",,
593,NSU_Prime_Pioneers,NORTH SOUTH UNIVERSITY,2,212,3,,,"✓
1(30)",,4,"✓
3(182)",,
594,IIUC_KIDS,INTERNATIONAL ISLAMIC UNIVERSITY CHITTAGONG,1,30,3,,,"✓
1(30)",,,,,
595,IUT_Unga_Bunga,ISLAMIC UNIVERSITY OF TECHNOLOGY,3,302,3,,,"✓
1(13)","✓
1(171)",2,"✓
3(118)",,
596,BUBT_Oi_mama_na_pls,BANGLADESH UNIVERSITY OF BUSINESS AND TECHNOLOGY,2,254,3,,,"✓
4(172)",1,3,"✓
1(82)",,
597,SU_FU,SONARGAON UNIVERSITY,2,243,3,,,"✓
1(48)",,,"✓
1(195)",,
598,Silly_Scripters,BANGLADESH UNIVERSITY OF PROFESSIONALS,1,82,3,,,"✓
2(82)",,6,,,
599,RUET_Ebar_E_Shesh,RAJSHAHI UNIVERSITY OF ENGINEERING & TECHNOLOGY,3,313,3,,,"✓
2(46)","✓
2(147)",6,"✓
3(120)",,
600,BUET_TheEmptySet,BANGLADESH UNIVERSITY OF ENGINEERING AND TECHNOLOGY,3,314,3,,,"✓
4(91)","✓
3(140)",,"✓
2(83)",,
601,TC_Gojamil,TEJGAON COLLEGE,1,31,4,,,"✓
1(31)",,2,1,,
602,DU_DeathBytes,UNIVERSITY OF DHAKA,3,321,4,2,,"✓
2(66)","✓
1(121)",3,"✓
2(134)",,
603,HSTU_ROBUST_FALCON,HAJEE MOHAMMAD DANESH SCIENCE AND TECHNOLOGY UNIVERSITY,1,28,4,,,"✓
1(28)",,4,4,,
604,MBSTU_ZeRo_CodeRs,MAWLANA BHASHANI SCIENCE AND TECHNOLOGY UNIVERSITY,1,166,4,,,"✓
6(166)",,6,5,,
605,BUET_Null_Pointer_Exception,BANGLADESH UNIVERSITY OF ENGINEERING AND TECHNOLOGY,3,326,4,,,"✓
2(50)","✓
3(153)",3,"✓
4(123)",,
606,CSTU_Dhuli_Kona,CHANDPUR SCIENCE AND TECHNOLOGY UNIVERSITY,1,129,4,,,"✓
4(129)",,1,7,,
607,IU_ThreePointers,"ISLAMIC UNIVERSITY, BANGLADESH",0,0,4,,,13,,,11,,
608,JU_ErrorMakers,JAHANGIRNAGAR UNIVERSITY,3,329,4,,,"✓
4(108)","✓
1(126)",6,"✓
2(95)",,
609,TC_Alpha-Squad,TEJGAON COLLEGE,1,88,4,,,"✓
3(88)",,,,,
610,BUBT_EWA_800*,BANGLADESH UNIVERSITY OF BUSINESS AND TECHNOLOGY,1,292,4,,,"✓
8(292)",,2,1,,
611,RU_Black&Blue,UNIVERSITY OF RAJSHAHI,3,334,4,3,,"✓
1(16)","✓
2(141)",4,"✓
5(177)",,
612,Syntax Seekers,INTERNATIONAL ISLAMIC UNIVERSITY CHITTAGONG,1,104,4,,,"✓
3(104)",,6,4,,
613,IIUC_MINI CODE MARAUDERS,INTERNATIONAL ISLAMIC UNIVERSITY CHITTAGONG,1,276,4,,1,"✓
5(276)",1,1,2,,
614,AIUB_OUT_OF_BOUND,AMERICAN INTERNATIONAL UNIVERSITY - BANGLADESH,2,327,4,,,"✓
2(79)",,1,"✓
4(248)",,
615,Codebreakers,DHAKA UNIVERSITY OF ENGINEERING & TECHNOLOGY - GAZIPUR,2,325,4,,,"✓
2(72)",,,"✓
3(253)",,
616,BruteForceJunkies,KHULNA UNIVERSITY OF ENGINEERING & TECHNOLOGY,3,342,4,,,"✓
1(46)",,"✓
2(207)","✓
1(89)",,
617,PCIU_Autonomous_Trio,PORT CITY INTERNATIONAL UNIVERSITY,1,136,4,,,"✓
4(136)",,2,1,,
618,BUET_Modulus,BANGLADESH UNIVERSITY OF ENGINEERING AND TECHNOLOGY,3,347,4,,,"✓
2(59)",,"✓
2(228)","✓
1(60)",,
619,BGCTUB_Radium,BGC TRUST UNIVERSITY BANGLADESH,2,320,4,,,"✓
8(249)","✓
1(71)",,,,
620,Dynamic Coders,INTERNATIONAL ISLAMIC UNIVERSITY CHITTAGONG,1,229,4,,,"✓
1(229)",,,,,
621,BAUSTian_Puzzle,BANGLADESH ARMY UNIVERSITY OF SCIENCE & TECHNOLOGY,2,222,4,,,"✓
3(102)",1,,"✓
2(120)",,
622,DIU_Ababil_Flocks,DHAKA INTERNATIONAL UNIVERSITY,1,165,4,,,"✓
3(165)",,4,,,
623,CoU_Syntax_Error,COMILLA UNIVERSITY,2,342,4,,,"✓
2(71)",,4,"✓
4(271)",,
624,NSTU_Banned_Squad,NOAKHALI SCIENCE AND TECHNOLOGY UNIVERSITY,2,273,4,,,"✓
1(59)",,2,"✓
4(214)",,
625,Hoilei_Hoi,AHSANULLAH UNIVERSITY OF SCIENCE AND TECHNOLOGY,2,340,4,1,,"✓
3(163)","✓
2(177)",1,3,,
626,AIUB_nSquare,AMERICAN INTERNATIONAL UNIVERSITY - BANGLADESH,1,240,4,,,"✓
7(240)",,,,,
627,IIUC_Optimus,INTERNATIONAL ISLAMIC UNIVERSITY CHITTAGONG,1,63,4,,,"✓
3(63)",,,2,,
628,RUET_Useless,RAJSHAHI UNIVERSITY OF ENGINEERING & TECHNOLOGY,1,164,4,,,"✓
2(164)",,,,,
629,Pupils,KHULNA UNIVERSITY OF ENGINEERING & TECHNOLOGY,3,355,4,,,"✓
1(14)",,"✓
6(288)","✓
1(53)",,
630,EDU_Avengers,"EAST DELTA UNIVERSITY, CHITTAGONG",2,312,4,,,"✓
1(45)",2,,"✓
4(267)",,
631,Spartans,INTERNATIONAL ISLAMIC UNIVERSITY CHITTAGONG,1,48,4,,,"✓
1(48)",,5,5,,
632,BU_MicOmo,BANGLADESH UNIVERSITY,1,205,4,,,"✓
1(205)",,1,2,,
633,EdTech_Bug_Zappers,"BANGABANDHU SHEIKH MUJIBUR RAHMAN DIGITAL UNIVERSITY,BANGLADESH",1,174,4,,,"✓
3(174)",,1,3,,
634,SUST_Intruders,SHAHJALAL UNIVERSITY OF SCIENCE AND TECHNOLOGY,2,359,4,,,"✓
1(27)",,2,"✓
10(332)",,
635,DCC_Triple_ZeRo,DHAKA CITY COLLEGE,2,254,4,,,"✓
2(107)","✓
3(147)",3,7,,1
636,Turtles,INTERNATIONAL ISLAMIC UNIVERSITY CHITTAGONG,2,348,4,,,"✓
1(69)",,1,"✓
3(279)",,
637,NSTU_DOT,NOAKHALI SCIENCE AND TECHNOLOGY UNIVERSITY,3,370,4,,,"✓
1(17)","✓
6(278)",6,"✓
1(75)",,
638,SUST Syntax Error,SHAHJALAL UNIVERSITY OF SCIENCE AND TECHNOLOGY,3,371,4,,,"✓
1(25)",2,"✓
4(235)","✓
3(111)",,
639,UIU Bitwise Overflow,UNITED INTERNATIONAL UNIVERSITY,1,123,4,,,"✓
2(123)",1,2,,,
640,KUET_Renaissance,KHULNA UNIVERSITY OF ENGINEERING AND TECHNOLOGY,3,374,4,,,"✓
1(40)",,"✓
3(206)","✓
3(128)",,
641,DIU_ALGO_AVENGERS,DAFFODIL INTERNATIONAL UNIVERSITY,1,64,4,1,,"✓
2(64)",,7,1,,
642,Reluctant_Realists,BANGLADESH UNIVERSITY OF PROFESSIONALS,1,129,4,,,"✓
4(129)",,4,4,,
643,BUET_NOOBforcers,BANGLADESH UNIVERSITY OF ENGINEERING AND TECHNOLOGY,2,283,4,,,"✓
1(27)",,4,"✓
8(256)",,
644,ZHSUST_Orions,Z. H. SIKDER UNIVERSITY OF SCIENCE AND TECHNOLOGY,2,339,4,,,"✓
1(91)",,,"✓
4(248)",,
645,CU_FridayRain,UNIVERSITY OF CHITTAGONG,1,250,4,3,,"✓
6(250)",,,5,,
646,MEC_Newbies,MYMENSINGH ENGINEERING COLLEGE,1,238,4,,,"✓
7(238)",,,,,
647,PrimeU_HackShield,PRIME UNIVERSITY,2,292,4,,,"✓
1(60)",,2,"✓
2(232)",,
648,fake_worries,NORTHERN UNIVERSITY BANGLADESH,2,360,4,,,"✓
4(163)",,2,"✓
1(197)",,
649,IIUC_Vitamin_CP,INTERNATIONAL ISLAMIC UNIVERSITY CHITTAGONG,3,391,4,,,"✓
3(69)","✓
2(234)",2,"✓
1(88)",,
650,RUET_KiChU_EkTa,RAJSHAHI UNIVERSITY OF ENGINEERING & TECHNOLOGY,3,391,4,,,"✓
1(21)","✓
6(317)",8,"✓
1(53)",,
651,AUST_Lab3,AHSANULLAH UNIVERSITY OF SCIENCE AND TECHNOLOGY,2,338,4,,,"✓
3(70)",1,"✓
3(268)",,,
652,BRACU_Ryphus,BRAC UNIVERSITY,1,29,4,,,"✓
1(29)",,,,,
653,IUT_IndentationError,ISLAMIC UNIVERSITY OF TECHNOLOGY,1,239,4,,,"✓
5(239)",,6,1,,
654,Project Cereus,MAWLANA BHASHANI SCIENCE AND TECHNOLOGY UNIVERSITY,2,267,4,,,"✓
2(66)",,5,"✓
4(201)",,
655,DUET_Infinite_Loopers,DHAKA UNIVERSITY OF ENGINEERING & TECHNOLOGY - GAZIPUR,2,375,4,,,"✓
4(105)",,3,"✓
3(270)",,
656,PrimeU_TTCoders,PRIME UNIVERSITY,1,259,4,,,"✓
6(259)",,2,,,
657,BUBT_Ackermanns,BANGLADESH UNIVERSITY OF BUSINESS AND TECHNOLOGY,2,355,4,,,"✓
6(210)","✓
1(145)",3,9,,
658,ThreeNomads,BANGLADESH UNIVERSITY OF PROFESSIONALS,0,0,4,,,8,,,1,,
659,PUC_NanoCoders,PREMIER UNIVERSITY CHITTAGONG,1,260,4,,,"✓
3(260)",,,,,
660,UAP_BiT_MasTers,UNIVERSITY OF ASIA PACIFIC,1,243,4,,1,"✓
5(243)",,,,,
661,COPROV,SHAHJALAL UNIVERSITY OF SCIENCE AND TECHNOLOGY,2,361,4,,,"✓
2(68)",,8,"✓
7(293)",,
662,NDUB_Backslash,NOTRE DAME UNIVERSITY BANGLADESH,2,237,4,,,"✓
1(153)",2,3,"✓
1(84)",,
663,AIUB_Squad,AMERICAN INTERNATIONAL UNIVERSITY - BANGLADESH,1,174,4,,,"✓
3(174)",,9,,,
664,SIU_Fighters,SYLHET INTERNATIONAL UNIVERSITY,1,227,4,,,"✓
3(227)",,2,,,
665,Algorithmic_Alchemists,BANGLADESH UNIVERSITY OF PROFESSIONALS,2,216,4,,,"✓
1(41)",,1,"✓
2(175)",,
666,KU_CPHACKER,KHULNA UNIVERSITY,3,417,4,,,"✓
2(101)",,"✓
3(261)","✓
1(55)",,
667,Team Elite,UNITED INTERNATIONAL UNIVERSITY,0,0,4,1,1,1,1,1,,,
668,AIUB_Genesis,AMERICAN INTERNATIONAL UNIVERSITY - BANGLADESH,2,249,4,,,"✓
1(44)","✓
1(205)",4,2,,
669,DIU_Deception,DAFFODIL INTERNATIONAL UNIVERSITY,1,162,4,,,"✓
6(162)",,10,,,
670,DUET_Iterators,DHAKA UNIVERSITY OF ENGINEERING & TECHNOLOGY - GAZIPUR,2,383,4,,,"✓
4(125)",,,"✓
2(258)",,
671,BGC_Binary_Engine,BGC TRUST UNIVERSITY BANGLADESH,1,276,4,2,,"✓
9(276)",,7,9,,
672,Low_CG_Coders,NATIONAL INSTITUTE OF TEXTILE ENGINEERING AND RESEARCH,1,154,4,,,"✓
4(154)",,13,4,,
673,TEC_Phoenix,TMSS ENGINEERING COLLEGE,2,386,4,,,"✓
3(115)",1,7,"✓
3(271)",,
674,GB_Proxima,GONO BISHWABIDYALAY (GONO UNIVERSITY),2,431,4,,,"✓
3(152)",1,,"✓
3(279)",,
675,MBSTU Way_to_Infinity..,MAWLANA BHASHANI SCIENCE AND TECHNOLOGY UNIVERSITY,2,368,4,,,"✓
2(54)",,4,"✓
11(314)",,
676,NSU_Arithmystic,NORTH SOUTH UNIVERSITY,3,457,4,,,"✓
1(30)","✓
4(239)",3,"✓
4(188)",,
677,SEU_syntaXerrors,"SOUTHEAST UNIVERSITY, BANGLADESH",1,312,4,,,"✓
6(312)",,,,,
678,AIUB_Mavericks,AMERICAN INTERNATIONAL UNIVERSITY - BANGLADESH,1,271,4,,,"✓
5(271)",1,2,,,
679,BUBT_CyberForce,BANGLADESH UNIVERSITY OF BUSINESS AND TECHNOLOGY,0,0,4,,,5,,1,1,,
680,DIU_Deshihacks,DAFFODIL INTERNATIONAL UNIVERSITY,1,269,4,,,"✓
6(269)",,2,,,
681,PCIU_NOOB_CODERS,PORT CITY INTERNATIONAL UNIVERSITY,1,324,4,,,"✓
6(324)",,,,,
682,Myth Solvers,NORTHERN UNIVERSITY BANGLADESH,2,457,4,,,"✓
9(287)",,6,"✓
1(170)",,
683,BUBT_ATN,BANGLADESH UNIVERSITY OF BUSINESS AND TECHNOLOGY,1,214,4,2,,"✓
2(214)",,,,,
684,GUB_Sounds_Good,GREEN UNIVERSITY OF BANGLADESH,1,223,4,,,"✓
6(223)",,2,,,
685,DIU_0AC,DAFFODIL INTERNATIONAL UNIVERSITY,1,311,4,,,"✓
7(311)",,,4,,
686,SUST_bigOted,SHAHJALAL UNIVERSITY OF SCIENCE AND TECHNOLOGY,3,487,4,,,"✓
3(94)",,"✓
3(264)","✓
2(129)",,
687,Phantom 49,AHSANULLAH UNIVERSITY OF SCIENCE AND TECHNOLOGY,3,490,4,19,1,"✓
5(136)","✓
3(177)",9,"✓
2(177)",,9
688,VU_Virtuoso,VARENDRA UNIVERSITY,3,492,4,,,"✓
5(205)",,"✓
1(207)","✓
1(80)",,
689,NamLagbeNa,KHULNA UNIVERSITY OF ENGINEERING AND TECHNOLOGY,3,494,4,,,"✓
3(109)",1,"✓
4(294)","✓
1(91)",,
690,DIU_BugBeaters,DAFFODIL INTERNATIONAL UNIVERSITY,1,224,4,,,"✓
5(224)",,1,,,
691,DIU_RunTimeTerror,DAFFODIL INTERNATIONAL UNIVERSITY,1,181,4,,,"✓
5(181)",,1,,,
692,AIUB_primes,AMERICAN INTERNATIONAL UNIVERSITY - BANGLADESH,1,229,4,,,"✓
6(229)",,5,1,,
693,BUBT_ant,BANGLADESH UNIVERSITY OF BUSINESS AND TECHNOLOGY,1,196,4,,,"✓
4(196)",,,,,
694,RUET_void_FUNCTION,RAJSHAHI UNIVERSITY OF ENGINEERING & TECHNOLOGY,3,530,4,,,"✓
5(126)","✓
6(288)",1,"✓
3(116)",,
695,DUET_Loop_Troopers,DHAKA UNIVERSITY OF ENGINEERING & TECHNOLOGY - GAZIPUR,2,433,4,,,"✓
6(205)",,4,"✓
1(228)",,
696,KUET_byte_fire,KHULNA UNIVERSITY OF ENGINEERING AND TECHNOLOGY,2,337,4,,,"✓
3(111)",,7,"✓
6(226)",,
697,Cuet_CipherStorm,CHITTAGONG UNIVERSITY OF ENGINEERING & TECHNOLOGY,2,391,4,,,"✓
2(68)",,4,"✓
10(323)",,
698,ZHSUST_Atomic,Z. H. SIKDER UNIVERSITY OF SCIENCE AND TECHNOLOGY,2,450,4,,,"✓
1(119)",,,"✓
6(331)",,
699,DIU_TryingHard,DAFFODIL INTERNATIONAL UNIVERSITY,2,507,4,,,"✓
9(276)",,,"✓
5(231)",,
700,Greedy Ogres,INTERNATIONAL ISLAMIC UNIVERSITY CHITTAGONG,1,187,4,,,"✓
6(187)",,,1,,
701,Return_Null,PABNA UNIVERSITY OF SCIENCE AND TECHNOLOGY,3,586,4,,,"✓
3(79)","✓
2(190)",5,"✓
9(317)",,
702,BUBT_QUBITS,BANGLADESH UNIVERSITY OF BUSINESS AND TECHNOLOGY,2,490,4,,,"✓
3(87)",,4,"✓
10(403)",,
703,MBSTU_Runtime_Error,MAWLANA BHASHANI SCIENCE AND TECHNOLOGY UNIVERSITY,1,423,4,,,"✓
11(423)",,,1,,
704,Code Commandos,BANGLADESH UNIVERSITY OF PROFESSIONALS,1,396,4,1,,"✓
12(396)",,,,,
705,SMUCT_Bewildered,SHANTO-MARIAM UNIVERSITY OF CREATIVE TECHNOLOGY,3,645,4,,,"✓
7(208)","✓
3(269)",1,"✓
1(168)",,
706,PSTU_Kichui_Pari_na,PATUAKHALI SCIENCE AND TECHNOLOGY UNIVERSITY,1,512,4,1,,"✓
15(512)",,1,,,
707,BUBT_Chronicles,BANGLADESH UNIVERSITY OF BUSINESS AND TECHNOLOGY,1,172,4,,,7,,,"✓
3(172)",,1
708,SEU_UtteZito65,"SOUTHEAST UNIVERSITY, BANGLADESH",1,253,4,,,"✓
6(253)",,,1,,
709,Storm Z,NATIONAL INSTITUTE OF TEXTILE ENGINEERING AND RESEARCH,1,431,4,,,"✓
13(431)",,9,1,,
710,GreenU_Starks,GREEN UNIVERSITY OF BANGLADESH,1,467,4,,,"✓
13(467)",,1,,,
711,BUET Noobs,BANGLADESH UNIVERSITY OF ENGINEERING AND TECHNOLOGY,3,679,4,1,,"✓
1(23)",1,"✓
5(254)","✓
12(402)",,
712,Code4Food,BANGLADESH UNIVERSITY OF PROFESSIONALS,2,441,4,,,"✓
2(53)",,9,"✓
9(388)",,
713,ChallengeSeeker,MAWLANA BHASHANI SCIENCE AND TECHNOLOGY UNIVERSITY,2,560,4,,,"✓
10(371)",,,"✓
3(189)",,
714,UAP_ByteMe,UNIVERSITY OF ASIA PACIFIC,1,118,4,,,"✓
4(118)",,6,,,
715,DIU_Cyberknights,DAFFODIL INTERNATIONAL UNIVERSITY,1,456,4,2,,"✓
15(456)",,,1,,
716,CBST_BLACK_WING,"COLLEGE OF BUSINESS SCIENCE AND TECHNOLOGY, MYMENSINGH",1,371,4,,,"✓
12(371)",,23,,,
717,BBPI Warriors,BRAHMANBARIA POLYTECHNIC INSTITUTE,2,728,4,1,,"✓
15(449)",,1,"✓
3(279)",,
718,BUBT_CoderVai,BANGLADESH UNIVERSITY OF BUSINESS AND TECHNOLOGY,1,16,4,,,"✓
1(16)",,2,4,,
719,FU_Convex_Hull,FENI UNIVERSITY,1,21,4,,,"✓
1(21)",,,2,,
720,SUB_Tsunami,SOUTHERN UNIVERSITY BANGLADESH,1,28,4,,,"✓
1(28)",,,,,
721,UAP_Linked_Lists,UNIVERSITY OF ASIA PACIFIC,1,26,4,,,"✓
1(26)",,2,,,
722,MU_Synergy,METROPOLITAN UNIVERSITY,1,26,4,,,"✓
1(26)",,3,,,
723,Team Orbit,NORTHERN UNIVERSITY OF BUSINESS AND TECHNOLOGY KHULNA,0,0,4,,,11,,3,1,,
724,DIU_NoobCoders,DAFFODIL INTERNATIONAL UNIVERSITY,1,23,4,3,,"✓
1(23)",,,,,
725,PCIU_LateNerds,PORT CITY INTERNATIONAL UNIVERSITY,1,26,4,,,"✓
1(26)",,3,1,,
726,CoU_Looped_in_Logic,COMILLA UNIVERSITY,1,21,4,,,"✓
1(21)",2,1,2,,
727,EWU_ProgBuddy,EAST WEST UNIVERSITY,1,30,4,,,"✓
1(30)",,2,,,
728,BU_Ada_Aces,BANGLADESH UNIVERSITY,0,0,4,,,5,1,3,1,,
729,AIUB_Algo_Avengers,AMERICAN INTERNATIONAL UNIVERSITY - BANGLADESH,1,33,4,,,"✓
1(33)",1,,3,,
730,BRUR_default,"BEGUM ROKEYA UNIVERSITY, RANGPUR",1,36,4,,,"✓
1(36)",,,3,,
731,SUST_Binary_Brains,SHAHJALAL UNIVERSITY OF SCIENCE AND TECHNOLOGY,1,22,4,,,"✓
1(22)",,5,6,,
732,DIU_TEAMxUnfinished,DAFFODIL INTERNATIONAL UNIVERSITY,1,27,4,,,"✓
1(27)",,,,,
733,IIUC_BUFFER_OVERFLOW,INTERNATIONAL ISLAMIC UNIVERSITY CHITTAGONG,1,36,4,,,"✓
1(36)",,3,2,,
734,DIU_Lunatics,DAFFODIL INTERNATIONAL UNIVERSITY,1,18,4,,,"✓
1(18)",,3,,,
735,BUG SMASHER,INTERNATIONAL ISLAMIC UNIVERSITY CHITTAGONG,1,37,4,,,"✓
1(37)",11,,3,,
736,AUST_depressed_soul,AHSANULLAH UNIVERSITY OF SCIENCE AND TECHNOLOGY,1,28,4,,,"✓
1(28)",,,7,,
737,CIU_Caffein,CHITTAGONG INDEPENDENT UNIVERSITY,0,0,4,,,2,,2,,,1
738,DUET_Avengers,DHAKA UNIVERSITY OF ENGINEERING & TECHNOLOGY - GAZIPUR,1,45,4,,,"✓
2(45)",,,5,,
739,IUBAT_SOL1,INTERNATIONAL UNIVERSITY OF BUSINESS AGRICULTURE AND TECHNOLOGY,1,44,4,,,"✓
1(44)",,2,,,
740,InfinityProgrammer,NATIONAL INSTITUTE OF TEXTILE ENGINEERING AND RESEARCH,1,44,4,1,,"✓
1(44)",,3,3,,
741,NEUB_SyntaxSquad,NORTH EAST UNIVERSITY BANGLADESH,1,38,4,,,"✓
1(38)",,2,,,
742,IUT_Noobz,ISLAMIC UNIVERSITY OF TECHNOLOGY,1,48,4,2,,"✓
2(48)",,4,6,,
743,RPI_Starter,RANGPUR POLYTECHNIC INSTITUTE,1,47,4,,,"✓
2(47)",,,4,,
744,DU_THE_MATRIX,UNIVERSITY OF DHAKA,1,45,4,,,"✓
2(45)",,4,4,,
745,BAUET_Team_DDOS,BANGLADESH ARMY UNIVERSITY OF ENGINEERING & TECHNOLOGY,1,43,4,,,"✓
1(43)",,,,,
746,BUBT_Zero_Zero,BANGLADESH UNIVERSITY OF BUSINESS AND TECHNOLOGY,1,35,4,,,"✓
1(35)",,,,,
747,SMUCT_Quantum Coders,SHANTO-MARIAM UNIVERSITY OF CREATIVE TECHNOLOGY,1,40,4,,,"✓
1(40)",,10,,,
748,Akat_Suki,UNIVERSITY OF INFORMATION TECHNOLOGY & SCIENCES,1,32,4,,,"✓
1(32)",,1,,,
749,UU_Code_Cadence,UTTARA UNIVERSITY,1,35,4,,,"✓
1(35)",,5,4,,
750,IUBAT_Aesthetic_Squad,INTERNATIONAL UNIVERSITY OF BUSINESS AGRICULTURE AND TECHNOLOGY,1,47,4,,,"✓
2(47)",,,,,
751,PUC_VOID,PREMIER UNIVERSITY CHITTAGONG,1,53,4,,,"✓
1(53)",,1,,,
752,HEI_Code_Creepers,HEADWAY ENGINEERING INSTITUTE | SYLHET,1,47,4,,,"✓
1(47)",,2,1,,
753,PCIU_SEMICOLON,PORT CITY INTERNATIONAL UNIVERSITY,1,30,4,,,"✓
1(30)",,3,,,
754,BUBT_Ctrl Alt Elite,BANGLADESH UNIVERSITY OF BUSINESS AND TECHNOLOGY,1,34,4,,,3,,,"✓
1(34)",,
755,CityU_TeamError,CITY UNIVERSITY,0,0,4,,2,1,,,,,
756,DIU_TrippleZero,DHAKA INTERNATIONAL UNIVERSITY,0,0,4,,,7,,3,,,
757,AIUB_X,AMERICAN INTERNATIONAL UNIVERSITY - BANGLADESH,1,55,4,1,,"✓
2(55)",,3,,,
758,Brogrammers,HAMDARD UNIVERSITY BANGLADESH,1,36,4,,,"✓
1(36)",,15,10,,
759,IIUC_UNKNOWN_3,INTERNATIONAL ISLAMIC UNIVERSITY CHITTAGONG,1,21,4,,,"✓
1(21)",,1,4,,
760,AIUB_Falcon,AMERICAN INTERNATIONAL UNIVERSITY - BANGLADESH,0,0,4,,,4,,2,,,
761,EDU_errorsCREW,"EAST DELTA UNIVERSITY, CHITTAGONG",1,58,4,,,"✓
1(58)",,2,,,
762,IIUC_WannaBePro,INTERNATIONAL ISLAMIC UNIVERSITY CHITTAGONG,1,35,4,,,"✓
1(35)",,2,2,,
763,MBSTU_Chillox,MAWLANA BHASHANI SCIENCE AND TECHNOLOGY UNIVERSITY,1,31,4,,,"✓
1(31)",,1,,,
764,MU_SKILL_ISSUE,METROPOLITAN UNIVERSITY,1,23,4,3,,"✓
1(23)",,4,5,,
765,MU_LateCoders,METROPOLITAN UNIVERSITY,1,17,4,,,"✓
1(17)",,,3,,
766,IU_CSE_In-queue,"ISLAMIC UNIVERSITY, BANGLADESH",1,60,4,,,"✓
3(60)",,,1,,
767,VU_BitSquad,VARENDRA UNIVERSITY,1,65,4,,,"✓
2(65)",,,,,
768,GUB_BIG_FISH,GREEN UNIVERSITY OF BANGLADESH,1,30,4,1,,"✓
1(30)",,2,,,
769,AUST Resolvers,AHSANULLAH UNIVERSITY OF SCIENCE AND TECHNOLOGY,0,0,4,,,2,,,,,
770,MU_Codebenders,METROPOLITAN UNIVERSITY,1,47,4,,,"✓
1(47)",,2,2,,
771,IUB_Brainless_Gang,INDEPENDENT UNIVERSITY - BANGLADESH,1,45,4,,,"✓
1(45)",,,5,,
772,WUB Blue Vortex,WORLD UNIVERSITY OF BANGLADESH,1,44,4,2,3,"✓
2(44)",2,8,3,3,
773,Redmoon Rookies,DAFFODIL INTERNATIONAL UNIVERSITY,1,23,4,,,"✓
1(23)",,4,,,
774,AUST_NullPointer,AHSANULLAH UNIVERSITY OF SCIENCE AND TECHNOLOGY,1,41,4,,,"✓
2(41)",,,2,,
775,PUST_Lilliputs,PABNA UNIVERSITY OF SCIENCE AND TECHNOLOGY,2,81,4,,,"✓
1(24)",,1,"✓
1(57)",,
776,ISTT_White_Dragon,INSTITUTE OF SCIENCE TRADE AND TECHNOLOGY,0,0,4,,,1,,4,1,,
777,SU_Pantavat,SONARGAON UNIVERSITY,1,76,4,,,"✓
3(76)",,2,,,
778,VU_DemoGorgons,VARENDRA UNIVERSITY,1,21,4,,,"✓
1(21)",,1,,,
779,DIU_Suffix,DAFFODIL INTERNATIONAL UNIVERSITY,1,76,4,,,"✓
2(76)",,,,,
780,RMSTU Three Musketeers,RANGAMATI SCIENCE & TECHNOLOGY UNIVERSITY,1,57,4,,,"✓
1(57)",,1,4,,
781,IIUC_Beta,INTERNATIONAL ISLAMIC UNIVERSITY CHITTAGONG,1,75,4,,,"✓
2(75)",,,,,
782,IU_double_zero,"ISLAMIC UNIVERSITY, BANGLADESH",1,44,4,,,"✓
1(44)",,,2,,
783,TU_RECKONERS,TEESTA UNIVERSITY,1,79,4,,,"✓
1(79)",,1,2,,
784,Beta,UNITED INTERNATIONAL UNIVERSITY,1,78,4,,,"✓
2(78)",,3,,,
785,CBST_Noob_Solvers,"COLLEGE OF BUSINESS SCIENCE AND TECHNOLOGY, MYMENSINGH",1,77,4,,,"✓
3(77)",,4,,,
786,SMUCT_VOID,SHANTO-MARIAM UNIVERSITY OF CREATIVE TECHNOLOGY,1,69,4,,,"✓
1(69)",,5,2,,
787,IUS_Algo_Blanco's,INTERNATIONAL UNIVERSITY OF SCHOLARS,1,53,4,,,"✓
1(53)",,4,3,,
788,DIU_bangi_coder,DAFFODIL INTERNATIONAL UNIVERSITY,1,75,4,,,"✓
3(75)",,5,,,
789,BRACU_Encke,BRAC UNIVERSITY,1,24,4,,,"✓
1(24)",,2,,,
790,CUET_Enthusiasts,CHITTAGONG UNIVERSITY OF ENGINEERING & TECHNOLOGY,2,90,4,,,"✓
1(20)",1,9,"✓
1(70)",,
791,Phoenix_19,HAMDARD UNIVERSITY BANGLADESH,1,51,4,,,"✓
1(51)",,3,,,
792,Error_Biters,INTERNATIONAL ISLAMIC UNIVERSITY CHITTAGONG,0,0,4,1,,3,1,2,1,1,1
793,PSTU_BugBane,PATUAKHALI SCIENCE AND TECHNOLOGY UNIVERSITY,1,86,4,,,"✓
3(86)",,1,5,,
794,Long-March,SHYAMOLI TEXTILE ENGINEERING COLLEGE,0,0,4,1,,9,,,1,,3
795,UIU_CYBER_KNIGHTS,UNITED INTERNATIONAL UNIVERSITY,1,11,4,,,"✓
1(11)",,,,,
796,The NULL Pointer,"BANGABANDHU SHEIKH MUJIBUR RAHMAN DIGITAL UNIVERSITY,BANGLADESH",1,40,4,,3,"✓
1(40)",,8,4,,
797,BUBT_MAU,BANGLADESH UNIVERSITY OF BUSINESS AND TECHNOLOGY,0,0,4,,,,,2,,,
798,DIU_Freshers,DAFFODIL INTERNATIONAL UNIVERSITY,1,76,4,,,"✓
1(76)",,1,,,
799,KUET_sabr_falcons,KHULNA UNIVERSITY OF ENGINEERING AND TECHNOLOGY,2,97,4,,,"✓
1(21)",10,3,"✓
2(76)",,
800,Bitmask_Warrior_2.0,RABINDRA MAITREE UNIVERSITY,0,0,4,,,2,,,2,,
801,Peaky Blinders,BANGLADESH UNIVERSITY OF PROFESSIONALS,2,99,5,,,"✓
2(41)",,1,"✓
1(58)",,
802,DIU_Falcons,DAFFODIL INTERNATIONAL UNIVERSITY,1,33,5,,,"✓
1(33)",,1,,,
803,CityU_mechVigilant,CITY UNIVERSITY,0,0,5,1,,20,,10,2,,
804,AiSuRo,INTERNATIONAL ISLAMIC UNIVERSITY CHITTAGONG,1,65,5,2,,5,"✓
1(65)",2,,,
805,PUB_Cube,PUNDRA UNIVERSITY OF SCIENCE & TECHNOLOGY,0,0,5,,,5,,5,1,,
806,BUBT_Newbies,BANGLADESH UNIVERSITY OF BUSINESS AND TECHNOLOGY,1,62,5,,,"✓
2(62)",,2,,,
807,SUB_Innovators,SOUTHERN UNIVERSITY BANGLADESH,1,89,5,,,"✓
3(89)",,5,1,,
808,BDUThreeZeros,"BANGABANDHU SHEIKH MUJIBUR RAHMAN DIGITAL UNIVERSITY,BANGLADESH",1,93,5,,,"✓
3(93)",,4,2,,
809,CPPhobia,INTERNATIONAL ISLAMIC UNIVERSITY CHITTAGONG,1,38,5,,,"✓
1(38)",,1,1,,
810,BUBT_Team_Of_Mathematicians,BANGLADESH UNIVERSITY OF BUSINESS AND TECHNOLOGY,1,97,5,,,"✓
3(97)",,,5,,
811,Newbie_lite,MAWLANA BHASHANI SCIENCE AND TECHNOLOGY UNIVERSITY,2,108,5,,,"✓
1(20)",,1,"✓
2(88)",,
812,SUST_NewbKnights,SHAHJALAL UNIVERSITY OF SCIENCE AND TECHNOLOGY,2,108,5,,,"✓
1(22)",,5,"✓
2(86)",,
813,AIUB_Victors,AMERICAN INTERNATIONAL UNIVERSITY - BANGLADESH,1,48,5,1,,"✓
2(48)",,,4,,
814,Team Cloud 9,UNITED INTERNATIONAL UNIVERSITY,0,0,5,,,2,,1,,,
815,BUBT_Ark_Nps,BANGLADESH UNIVERSITY OF BUSINESS AND TECHNOLOGY,0,0,5,,1,3,,2,3,,
816,Team Trio,INTERNATIONAL ISLAMIC UNIVERSITY CHITTAGONG,0,0,5,1,,1,1,1,1,,
817,Three_Rooks,UNITED INTERNATIONAL UNIVERSITY,0,0,5,,,8,,,,,
818,Syntax squad,ATISH DIPANKAR UNIVERSITY OF SCIENCE & TECHNOLOGY,1,109,5,,2,"✓
4(109)",2,7,1,,
819,BUBT_ERROR 404,BANGLADESH UNIVERSITY OF BUSINESS AND TECHNOLOGY,1,77,5,,,"✓
1(77)",1,5,5,,3
820,Hogwarts Hackademy,INTERNATIONAL ISLAMIC UNIVERSITY CHITTAGONG,1,58,5,,,"✓
1(58)",,2,3,,
821,IUT_Mahzooz,ISLAMIC UNIVERSITY OF TECHNOLOGY,2,115,5,,,"✓
1(37)",1,8,"✓
2(78)",,
822,NSTU_Algonauts,NOAKHALI SCIENCE AND TECHNOLOGY UNIVERSITY,2,115,5,,,"✓
1(27)",,3,"✓
1(88)",,
823,BSMRSTU_On_The_Way,BANGABANDHU SHEIKH MUJIBUR RAHMAN SCIENCE AND TECHNOLOGY UNIVERSITY,1,106,5,,,"✓
3(106)",,4,,,
824,CUET_Brain_Null,CHITTAGONG UNIVERSITY OF ENGINEERING & TECHNOLOGY,1,20,5,,,"✓
1(20)",,,2,,
825,Team_Phoenix,INTERNATIONAL ISLAMIC UNIVERSITY CHITTAGONG,1,86,5,,,"✓
3(86)",,,1,,
826,Free_Palestine,HAMDARD UNIVERSITY BANGLADESH,1,74,5,,,"✓
2(74)",,,3,,
827,TU_CYBER_SQUAD,TEESTA UNIVERSITY,1,63,5,,2,"✓
1(63)",,1,3,,
828,Team_IUS,UNIVERSITY OF SCHOLARS,1,56,5,,,"✓
2(56)",,2,,,
829,NiTeR WarriorS,NATIONAL INSTITUTE OF TEXTILE ENGINEERING AND RESEARCH,1,71,5,,,"✓
1(71)",,7,7,,1
830,AIUB_Challengers,AMERICAN INTERNATIONAL UNIVERSITY - BANGLADESH,1,112,5,,,"✓
4(112)",,2,4,,
831,AmraKichuParina,MAWLANA BHASHANI SCIENCE AND TECHNOLOGY UNIVERSITY,1,72,5,,,"✓
2(72)",1,,1,,
832,Binary_wizards,RTM AL-KABIR TECHNICAL UNIVERSITY,1,49,5,,,"✓
1(49)",,,,,
833,SEU_runtimeTerror,"SOUTHEAST UNIVERSITY, BANGLADESH",2,122,5,,,"✓
1(21)",,4,"✓
1(101)",,
834,MIST_CodingNinjas_2.0,MILITARY INSTITUTE OF SCIENCE AND TECHNOLOGY,1,102,5,,,"✓
3(102)",,,,,
835,DUET_Undefined,DHAKA UNIVERSITY OF ENGINEERING & TECHNOLOGY - GAZIPUR,2,129,5,,,"✓
1(37)",5,10,"✓
1(92)",,
836,IST_CodeSqaud,INSTITUTE OF SCIENCE AND TECHNOLOGY,2,129,5,,,"✓
1(38)",,1,"✓
1(91)",,
837,WUB_Amn_Coders,WORLD UNIVERSITY OF BANGLADESH,0,0,5,,,5,,1,2,,
838,BUET_Zero_Potential,BANGLADESH UNIVERSITY OF ENGINEERING AND TECHNOLOGY,2,130,5,,,"✓
2(68)",10,,"✓
1(62)",,
839,Kuet_Zoobidoobi,KHULNA UNIVERSITY OF ENGINEERING AND TECHNOLOGY,2,131,5,,,"✓
2(46)",,,"✓
2(85)",,
840,UAP_Hackazards,UNIVERSITY OF ASIA PACIFIC,0,0,5,,,2,,,1,,
841,CSTU-3-Billions,CHANDPUR SCIENCE AND TECHNOLOGY UNIVERSITY,1,67,5,,,"✓
3(67)",,3,,,
842,VU_Trio_Coder,VARENDRA UNIVERSITY,1,45,5,,,"✓
1(45)",,2,,,
843,NSU_KillFirstSearch,NORTH SOUTH UNIVERSITY,1,86,5,,,"✓
2(86)",,,1,,
844,CWU_NoobCoders,CENTRAL WOMENS UNIVERSITY,1,83,5,,,"✓
3(83)",,1,,,
845,DIIT_Runtime_Terror,DAFFODIL INSTITUTE OF INFORMATION TECHNOLOGY,2,135,5,,,"✓
2(49)",,2,"✓
1(86)",,
846,SEU_Teerondaz,"SOUTHEAST UNIVERSITY, BANGLADESH",1,62,5,,,"✓
2(62)",,,,,
847,AIUB_!Zero,AMERICAN INTERNATIONAL UNIVERSITY - BANGLADESH,1,98,5,,,"✓
3(98)",,,1,,
848,IUT_TLE,ISLAMIC UNIVERSITY OF TECHNOLOGY,2,136,5,1,,"✓
1(18)",1,6,"✓
3(118)",,
849,GreenU_BitArc,GREEN UNIVERSITY OF BANGLADESH,1,35,5,,,"✓
1(35)",,14,,,
850,Bubt_Code_Crusadera,BANGLADESH UNIVERSITY OF BUSINESS AND TECHNOLOGY,1,55,5,,,"✓
1(55)",,1,,,
851,Spectrum Error 3.0,BANGLADESH UNIVERSITY OF PROFESSIONALS,1,125,5,,,7,,,"✓
1(125)",,
852,Expecto DeBuggo!,INTERNATIONAL ISLAMIC UNIVERSITY CHITTAGONG,1,54,5,,,"✓
2(54)",,1,,,
853,KU_Nothing,KHULNA UNIVERSITY,1,131,5,,,6,"✓
2(131)",,3,,
854,MBSTU_Vule_Chole_Aschi,MAWLANA BHASHANI SCIENCE AND TECHNOLOGY UNIVERSITY,2,139,5,,,"✓
3(75)",1,8,"✓
1(64)",,
855,BSMRU_Code_Warriors,"BANGABANDHU SHEIKH MUJIBUR RAHMAN UNIVERSITY, KISHOREGANJ",1,68,5,,,"✓
1(68)",,,,,
856,NSU_BeeCoders,NORTH SOUTH UNIVERSITY,1,72,5,,,"✓
2(72)",,1,3,,
857,Scholars_BOT101,UNIVERSITY OF SCHOLARS,1,125,5,,,"✓
2(125)",,,,,
858,SEC_Mindwrap_Error,SYLHET ENGINEERING COLLEGE,0,0,5,,,8,,,,,
859,JU_BingChilling,JAHANGIRNAGAR UNIVERSITY,2,144,5,1,,"✓
1(27)",,2,"✓
1(117)",,
860,BRACU_Grass,BRAC UNIVERSITY,1,103,5,,,"✓
2(103)",,1,,,
861,Team-Believers,NOAKHALI SCIENCE AND TECHNOLOGY UNIVERSITY,2,145,5,,,"✓
1(29)",,4,"✓
2(116)",,
862,BSMRU_Flames,"BANGABANDHU SHEIKH MUJIBUR RAHMAN UNIVERSITY, KISHOREGANJ",1,64,5,,,"✓
2(64)",,5,1,,
863,BUBT_Coder girls,BANGLADESH UNIVERSITY OF BUSINESS AND TECHNOLOGY,0,0,5,,,1,,,1,,
864,NSU_StandWithPalestine,NORTH SOUTH UNIVERSITY,2,147,5,,,"✓
1(18)",,2,"✓
3(129)",,
865,HSTU_QBITS,HAJEE MOHAMMAD DANESH SCIENCE AND TECHNOLOGY UNIVERSITY,1,143,5,,,"✓
4(143)",,,4,,
866,ISTT_The Logicals,INSTITUTE OF SCIENCE TRADE AND TECHNOLOGY,0,0,5,,2,10,,3,2,,
867,NSU_Amateurs,NORTH SOUTH UNIVERSITY,2,148,5,,,"✓
1(25)",,5,"✓
3(123)",,
868,EDU_Arena,"EAST DELTA UNIVERSITY, CHITTAGONG",1,116,5,,,"✓
4(116)",,,,,
869,Sylvatax,INTERNATIONAL ISLAMIC UNIVERSITY CHITTAGONG,0,0,5,2,,1,,,,,
870,CU_Last_One,UNIVERSITY OF CHITTAGONG,1,101,5,,,"✓
4(101)",,,,,
871,EWU_Corpse,EAST WEST UNIVERSITY,1,42,5,,,"✓
1(42)",,1,,,
872,Byte Battle,INTERNATIONAL ISLAMIC UNIVERSITY CHITTAGONG,0,0,5,,,5,3,,2,,
873,UIU Syntax Soudagars,UNITED INTERNATIONAL UNIVERSITY,0,0,5,,,9,,,,,
874,Intro_Syntax,INTERNATIONAL ISLAMIC UNIVERSITY CHITTAGONG,0,0,5,,,2,,,2,,
875,UAP_Binary_Brains,UNIVERSITY OF ASIA PACIFIC,1,130,5,,,"✓
2(130)",,3,,,
876,KU_Insider,KHULNA UNIVERSITY,0,0,5,1,,4,,2,,,
877,DIU_Ezy,DAFFODIL INTERNATIONAL UNIVERSITY,1,139,5,,,"✓
3(139)",,,,,
878,Bengle_Assasins,BANGLADESH OPEN UNIVERSITY,1,145,5,,,"✓
2(145)",,,3,,
879,DU_TMW,UNIVERSITY OF DHAKA,2,156,5,,,"✓
2(51)",,2,"✓
2(105)",,
880,SFMU_TRAILBLAZER,SHEIKH FAZILATUNNESA MUJIB UNIVERSITY,1,116,5,,,"✓
4(116)",,,1,,
881,hugs_for_bugs,NOAKHALI SCIENCE AND TECHNOLOGY UNIVERSITY,2,159,5,,,"✓
2(57)",,3,"✓
2(102)",,
882,CityU_Queue_Crew,CITY UNIVERSITY,0,0,5,,,,,,,,
883,CodeDev Misfits,INTERNATIONAL ISLAMIC UNIVERSITY CHITTAGONG,1,122,5,,,"✓
3(122)",,3,2,,
884,Aiub_BruteForcers,AMERICAN INTERNATIONAL UNIVERSITY - BANGLADESH,2,163,5,,,"✓
2(62)",,3,"✓
1(101)",,
885,ISTT_Trinity,INSTITUTE OF SCIENCE TRADE AND TECHNOLOGY,1,127,5,,,"✓
2(127)",,,,,
886,el_dorado,DAFFODIL INTERNATIONAL UNIVERSITY,0,0,5,,,3,,1,2,,
887,BUBT_Recursive Rangers,BANGLADESH UNIVERSITY OF BUSINESS AND TECHNOLOGY,1,137,5,,,"✓
4(137)",,,,,
888,MIST_NatokKomKoroPio,MILITARY INSTITUTE OF SCIENCE AND TECHNOLOGY,2,164,5,,,"✓
3(63)",4,3,"✓
2(101)",,
889,DIU_Hermits,DAFFODIL INTERNATIONAL UNIVERSITY,1,152,5,,,"✓
5(152)",,1,,,
890,Binary-Brain's_JnU,"JAGANNATH UNIVERSITY, BANGLADESH",0,0,5,,,2,,1,,,
891,DU_resolvers,UNIVERSITY OF DHAKA,1,102,5,,,"✓
3(102)",,,4,,
892,DIU_MOA,DAFFODIL INTERNATIONAL UNIVERSITY,1,160,5,,,"✓
3(160)",,,,,
893,Coder_LMN',INTERNATIONAL ISLAMIC UNIVERSITY CHITTAGONG,1,139,5,,,6,,1,"✓
1(139)",,
894,IIUC_SP3CTRUM,INTERNATIONAL ISLAMIC UNIVERSITY CHITTAGONG,1,37,5,,,"✓
1(37)",,2,,,
895,Oblivious NPC'S,INTERNATIONAL ISLAMIC UNIVERSITY CHITTAGONG,1,103,5,,,"✓
2(103)",,,9,,
896,SMUCT_CreativeSquad,SHANTO-MARIAM UNIVERSITY OF CREATIVE TECHNOLOGY,0,0,5,,,,,1,,,
897,DIU_Recursive_Runner,DAFFODIL INTERNATIONAL UNIVERSITY,1,135,5,,,"✓
3(135)",,2,,,
898,IIUC_Tourist,INTERNATIONAL ISLAMIC UNIVERSITY CHITTAGONG,1,95,5,,,"✓
2(95)",,,,,
899,UITS_BitWisers,UNIVERSITY OF INFORMATION TECHNOLOGY & SCIENCES,1,169,5,,,"✓
5(169)",,3,,,
900,Three_Observers,MAWLANA BHASHANI SCIENCE AND TECHNOLOGY UNIVERSITY,1,155,5,,,"✓
1(155)",,,,,
901,BUBT_Strawhats,BANGLADESH UNIVERSITY OF BUSINESS AND TECHNOLOGY,1,69,5,,,"✓
3(69)",,,,,
902,UGV_Tr!X,UNIVERSITY OF GLOBAL VILLAGE,0,0,5,,,8,,,,,
903,DIU_SegmentationFault,DHAKA INTERNATIONAL UNIVERSITY,0,0,5,,,4,,2,,,
904,IUT_Bront姣汼isters,ISLAMIC UNIVERSITY OF TECHNOLOGY,2,177,5,,,"✓
3(94)",,3,"✓
1(83)",,
905,Noob Coders,PRESIDENCY UNIVERSITY,0,0,5,,,,,,,,
906,PUB_Bit_Trackers,PUNDRA UNIVERSITY OF SCIENCE & TECHNOLOGY,1,159,5,,,"✓
4(159)",,6,,,
907,BUBT_Glitch Coders,BANGLADESH UNIVERSITY OF BUSINESS AND TECHNOLOGY,0,0,5,,,3,,,4,,
908,MU_Syntax_Samurai,METROPOLITAN UNIVERSITY,1,173,5,,,"✓
5(173)",,,2,,
909,BSMRU_Urtesi,"BANGABANDHU SHEIKH MUJIBUR RAHMAN UNIVERSITY, KISHOREGANJ",0,0,5,,,5,,,2,,
910,Team Deactivators,INTERNATIONAL ISLAMIC UNIVERSITY CHITTAGONG,0,0,5,,,8,,1,,,
911,ByteBattlers,RANGAMATI SCIENCE & TECHNOLOGY UNIVERSITY,1,142,5,,,"✓
4(142)",,,,,
912,BUBT_Team Error,BANGLADESH UNIVERSITY OF BUSINESS AND TECHNOLOGY,1,163,5,,,"✓
5(163)",4,6,1,,
913,Team_Shomonnoyok,INTERNATIONAL ISLAMIC UNIVERSITY CHITTAGONG,1,117,5,,,"✓
2(117)",,3,,,
914,NSU_ArPariNa,NORTH SOUTH UNIVERSITY,1,15,5,,,"✓
1(15)",,1,9,,
915,IIUC_Dreamers,INTERNATIONAL ISLAMIC UNIVERSITY CHITTAGONG,0,0,5,,1,1,,1,,,
916,UAP_Nebula_Tech,UNIVERSITY OF ASIA PACIFIC,0,0,5,,,1,,1,,,
917,MU_Stealthy_Strivers,METROPOLITAN UNIVERSITY,1,94,5,,,"✓
3(94)",,6,,,
918,MIST_NullAndVoid,MILITARY INSTITUTE OF SCIENCE AND TECHNOLOGY,2,188,5,,,"✓
3(72)",,2,"✓
2(116)",,
919,PUB_Logic_Lords,PUNDRA UNIVERSITY OF SCIENCE & TECHNOLOGY,0,0,5,2,,6,1,2,3,1,
920,DIIT_Time_Limit_Exceed,DAFFODIL INSTITUTE OF INFORMATION TECHNOLOGY,2,189,5,,,"✓
1(45)",,2,"✓
1(144)",,
921,Debug_Squad,HAMDARD UNIVERSITY BANGLADESH,1,76,5,,,"✓
2(76)",,3,,,
922,IUB_sayanara,INDEPENDENT UNIVERSITY - BANGLADESH,0,0,5,,,,,2,,,
923,Upcomming_Top_Coder_Mbstu,MAWLANA BHASHANI SCIENCE AND TECHNOLOGY UNIVERSITY,1,144,5,,,"✓
3(144)",,,,,
924,Coder's 71,INTERNATIONAL ISLAMIC UNIVERSITY CHITTAGONG,1,63,5,1,,"✓
2(63)",,,,,
925,Bit Benders,INTERNATIONAL ISLAMIC UNIVERSITY CHITTAGONG,0,0,5,,1,,,1,2,,
926,SMUCT_CodeCasters,SHANTO-MARIAM UNIVERSITY OF CREATIVE TECHNOLOGY,1,151,5,2,,"✓
2(151)",,,,,
927,DIU_Disaster,DAFFODIL INTERNATIONAL UNIVERSITY,1,65,5,,,"✓
2(65)",,2,,,
928,MU_tiredMules,METROPOLITAN UNIVERSITY,1,179,5,,,"✓
2(179)",,1,,,
929,TU_CELESTIAL_CODERS,TEESTA UNIVERSITY,1,155,5,,,"✓
3(155)",,1,,,
930,IUBAT_Tubelight,INTERNATIONAL UNIVERSITY OF BUSINESS AGRICULTURE AND TECHNOLOGY,1,117,5,,,"✓
2(117)",,4,,,
931,Bit_By_Bit,MAWLANA BHASHANI SCIENCE AND TECHNOLOGY UNIVERSITY,1,19,5,,,"✓
1(19)",,,8,,
932,BAUSTian_Data_Pirates,BANGLADESH ARMY UNIVERSITY OF SCIENCE & TECHNOLOGY,1,87,5,,,"✓
1(87)",,1,3,,
933,Bubt_Binary_Learners,BANGLADESH UNIVERSITY OF BUSINESS AND TECHNOLOGY,1,85,5,,,"✓
2(85)",,,,,
934,BRUR_Eternal_Entropy_2,"BEGUM ROKEYA UNIVERSITY, RANGPUR",1,134,5,,,6,,3,"✓
1(134)",,
935,CU_ANONYMOUS,UNIVERSITY OF CHITTAGONG,1,150,5,,,"✓
6(150)",,,6,,
936,HEI_Fighters,HEADWAY ENGINEERING INSTITUTE | SYLHET,1,63,5,,,"✓
1(63)",,1,,,
937,BUBT_AlgorithmAllies,BANGLADESH UNIVERSITY OF BUSINESS AND TECHNOLOGY,1,136,5,,1,"✓
4(136)",,,1,,
938,Runtime_terror,INTERNATIONAL ISLAMIC UNIVERSITY CHITTAGONG,0,0,5,,,6,,1,,,
939,PUB_Null_Terminators,PUNDRA UNIVERSITY OF SCIENCE & TECHNOLOGY,1,161,5,,,9,,14,"✓
1(161)",,
940,DIU_Equation,DAFFODIL INTERNATIONAL UNIVERSITY,1,118,5,,,"✓
2(118)",,,,,
941,BUBT_dh_coder_on,BANGLADESH UNIVERSITY OF BUSINESS AND TECHNOLOGY,1,98,5,,,"✓
2(98)",,,1,,
942,DIU_White_Hattez,DAFFODIL INTERNATIONAL UNIVERSITY,0,0,5,,,1,,4,4,,
943,IU_Blizzard,"ISLAMIC UNIVERSITY, BANGLADESH",0,0,5,,,3,,2,1,,
944,AIUB_Code_Warriors,AMERICAN INTERNATIONAL UNIVERSITY - BANGLADESH,0,0,5,,,5,,2,,,
945,BAUSTian_DevTrio,BANGLADESH ARMY UNIVERSITY OF SCIENCE & TECHNOLOGY,0,0,5,,,6,,1,,,
946,BUBT_Blue Whales,BANGLADESH UNIVERSITY OF BUSINESS AND TECHNOLOGY,0,0,5,,,6,,3,2,,
947,Codex Knights,BANGLADESH UNIVERSITY OF PROFESSIONALS,0,0,5,,,2,,,4,,
948,BAUSTian_Inventors,BANGLADESH ARMY UNIVERSITY OF SCIENCE & TECHNOLOGY,2,219,5,,,"✓
1(26)",2,"✓
2(193)",1,,
949,CUB_PROMETHEUS,CANADIAN UNIVERSITY OF BANGLADESH,1,212,5,,,"✓
5(212)",,,5,,
950,EDU_Ezlyn,"EAST DELTA UNIVERSITY, CHITTAGONG",1,202,5,,,"✓
5(202)",,,1,,
951,SIU_Tactless,SYLHET INTERNATIONAL UNIVERSITY,0,0,5,,,,,,,,
952,CWU_Wormhole,CENTRAL WOMENS UNIVERSITY,1,199,5,,,"✓
4(199)",,,7,,
953,CUET_PiedPipers,CHITTAGONG UNIVERSITY OF ENGINEERING & TECHNOLOGY,2,221,5,,,"✓
2(42)",5,3,"✓
5(179)",,
954,Jete_Hbe_Bohudur,MAWLANA BHASHANI SCIENCE AND TECHNOLOGY UNIVERSITY,1,83,5,,,"✓
3(83)",9,2,27,,
955,BUET_Newbie,BANGLADESH UNIVERSITY OF ENGINEERING AND TECHNOLOGY,2,222,5,,,"✓
1(25)",,,"✓
3(197)",,
956,PUB_Brastorm_Coderx,PUNDRA UNIVERSITY OF SCIENCE & TECHNOLOGY,0,0,5,,,5,,,,,
957,Bitwise Wizards,RAJSHAHI UNIVERSITY OF ENGINEERING & TECHNOLOGY,0,0,5,,,1,,,,,
958,RPSU_TeamError,R. P. SHAHA UNIVERSITY,1,206,5,,,"✓
5(206)",,,,,
959,DIIT_Binary_Brain,DAFFODIL INSTITUTE OF INFORMATION TECHNOLOGY,1,180,5,,,"✓
4(180)",4,,,,
960,Byte Breakers,INTERNATIONAL ISLAMIC UNIVERSITY CHITTAGONG,0,0,5,,,3,,,2,,
961,BAIUST_Seekers,BANGLADESH ARMY INTERNATIONAL UNIVERSITY OF SCIENCE AND TECHNOLOGY,0,0,5,,,4,,,,,
962,IUB_Botshos,INDEPENDENT UNIVERSITY - BANGLADESH,1,66,5,,,"✓
1(66)",,,,,
963,Beginner03,INTERNATIONAL ISLAMIC UNIVERSITY CHITTAGONG,0,0,5,,,6,,5,4,,
964,SEU_CodeBreakers,"SOUTHEAST UNIVERSITY, BANGLADESH",1,217,5,,,"✓
2(217)",,1,,,
965,DIU_2RS,DAFFODIL INTERNATIONAL UNIVERSITY,1,220,5,,,"✓
4(220)",,,1,,
966,HSTU_CodeHunters,HAJEE MOHAMMAD DANESH SCIENCE AND TECHNOLOGY UNIVERSITY,1,224,5,,,"✓
5(224)",,4,1,,
967,EWU_Algo Avengers,EAST WEST UNIVERSITY,1,174,5,,,"✓
3(174)",,,,,
968,BRACU_TrashCoders,BRAC UNIVERSITY,1,222,5,,,"✓
3(222)",,6,1,,
969,FIU_Acrobat,FAREAST INTERNATIONAL UNIVERSITY,1,58,5,,,"✓
2(58)",,,3,,
970,Pixels,INTERNATIONAL ISLAMIC UNIVERSITY CHITTAGONG,1,221,5,,,"✓
1(221)",,3,1,,
971,SEU_TORPEDO,"SOUTHEAST UNIVERSITY, BANGLADESH",1,202,5,,,"✓
6(202)",,3,,,
972,Red Eyes,DHAKA UNIVERSITY OF ENGINEERING & TECHNOLOGY - GAZIPUR,2,238,5,,,"✓
1(38)",,1,"✓
2(200)",,
973,UAP_MESS,UNIVERSITY OF ASIA PACIFIC,1,53,5,,,"✓
2(53)",,,3,,
974,Baiust_Ordinary,BANGLADESH ARMY INTERNATIONAL UNIVERSITY OF SCIENCE AND TECHNOLOGY,1,73,5,,,"✓
1(73)",,2,,,1
975,Programming Bots,NORTHERN UNIVERSITY OF BUSINESS AND TECHNOLOGY KHULNA,1,138,5,,,"✓
5(138)",,4,,,
976,BAIUST_Fumiko,BANGLADESH ARMY INTERNATIONAL UNIVERSITY OF SCIENCE AND TECHNOLOGY,0,0,5,1,,3,,,1,,
977,Triforce,INTERNATIONAL ISLAMIC UNIVERSITY CHITTAGONG,1,195,5,,,"✓
2(195)",1,,,,1
978,DIU Algorithm Avengers,DAFFODIL INTERNATIONAL UNIVERSITY,1,225,5,,,"✓
1(225)",,6,,,1
979,KYAU_DemonsGirls,KHWAJA YUNUS ALI UNIVERSITY,1,218,5,,,"✓
4(218)",,1,,,
980,RPSU_BlackList,R. P. SHAHA UNIVERSITY,1,223,5,,,"✓
5(223)",,,,,
981,DIU_SyntaxSquad,DAFFODIL INTERNATIONAL UNIVERSITY,2,244,5,,,"✓
1(47)",,6,"✓
1(197)",,
982,NUBTK_!WeKnwNothing,NORTHERN UNIVERSITY OF BUSINESS AND TECHNOLOGY KHULNA,1,204,5,,,"✓
7(204)",,14,,,
983,DUET_SET_03,DHAKA UNIVERSITY OF ENGINEERING & TECHNOLOGY - GAZIPUR,1,197,5,,,"✓
2(197)",,4,,,
984,KYAU_ Undercovers,KHWAJA YUNUS ALI UNIVERSITY,2,248,5,,,"✓
1(37)","✓
3(211)",1,1,,
985,DIU_First_Try,DAFFODIL INTERNATIONAL UNIVERSITY,1,195,5,,1,"✓
6(195)",,,,,
986,IIUC_Aljazari,INTERNATIONAL ISLAMIC UNIVERSITY CHITTAGONG,1,53,5,,,"✓
1(53)",,,3,,
987,Uctc_Akatsuki,"UNIVERSITY OF CREATIVE TECHNOLOGY, CHITTAGONG",2,251,5,,,"✓
2(58)",,2,"✓
3(193)",,
988,HSTU_GooDByE,HAJEE MOHAMMAD DANESH SCIENCE AND TECHNOLOGY UNIVERSITY,2,254,5,,,"✓
1(36)",,,"✓
3(218)",,
989,DU_last_in_first_out,UNIVERSITY OF DHAKA,1,244,5,,,"✓
7(244)",,6,,,
990,TC_Void,TEJGAON COLLEGE,1,191,5,,,"✓
2(191)",,,,,
991,BAUSTian_Algo_Titans_OG,BANGLADESH ARMY UNIVERSITY OF SCIENCE & TECHNOLOGY,1,229,5,,,"✓
1(229)",,1,,,
992,BUBT_CodeQuest,BANGLADESH UNIVERSITY OF BUSINESS AND TECHNOLOGY,0,0,5,,2,2,,,,,
993,BUBT_Legendary_Trio,BANGLADESH UNIVERSITY OF BUSINESS AND TECHNOLOGY,2,262,5,,,"✓
1(49)",,,"✓
3(213)",,
994,IUB_Elpis,INDEPENDENT UNIVERSITY - BANGLADESH,2,262,5,4,,"✓
1(73)",,,"✓
1(189)",,
995,DIIT_Bit_Thinkers,DAFFODIL INSTITUTE OF INFORMATION TECHNOLOGY,1,237,5,,,"✓
2(237)",,1,,,
996,CU_CSE_Falcon,UNIVERSITY OF CHITTAGONG,1,128,5,,,"✓
4(128)",,4,,,
997,Brain_Not_Found,INTERNATIONAL ISLAMIC UNIVERSITY CHITTAGONG,1,247,5,,,"✓
3(247)",,,4,,
998,EDU_Feathers,"EAST DELTA UNIVERSITY, CHITTAGONG",0,0,5,,,6,,,,,
999,BUBT_Minus100,BANGLADESH UNIVERSITY OF BUSINESS AND TECHNOLOGY,2,272,5,,,"✓
2(76)",,,"✓
2(196)",,
1000,CoU_Code-Crusaders,COMILLA UNIVERSITY,1,172,5,,,"✓
6(172)",,,1,,
1001,HUB_Coders,HAMDARD UNIVERSITY BANGLADESH,1,197,6,,,"✓
6(197)",,,,,
1002,BUBT_algorithmavengers_0,BANGLADESH UNIVERSITY OF BUSINESS AND TECHNOLOGY,1,225,6,,,"✓
2(225)",,4,,,
1003,DIU_Lost_in_Loops,DAFFODIL INTERNATIONAL UNIVERSITY,2,274,6,,,"✓
1(24)",,7,"✓
3(250)",,
1004,CUET_the_errors,CHITTAGONG UNIVERSITY OF ENGINEERING & TECHNOLOGY,2,275,6,,,"✓
2(47)",,,"✓
6(228)",,
1005,GUB_Zettabyte,GERMAN UNIVERSITY BANGLADESH,1,248,6,,,"✓
3(248)",,,,,1
1006,Tragic Bytes,INTERNATIONAL ISLAMIC UNIVERSITY CHITTAGONG,0,0,6,1,,5,,,2,,
1007,TC_GRIFFINS,TEJGAON COLLEGE,1,211,6,,,"✓
3(211)",,,3,,
1008,BAIUST_New_Folder,BANGLADESH ARMY INTERNATIONAL UNIVERSITY OF SCIENCE AND TECHNOLOGY,1,274,6,2,,"✓
8(274)",1,1,4,,
1009,DIU_TeamFirstTime,DAFFODIL INTERNATIONAL UNIVERSITY,1,229,6,,,"✓
6(229)",,4,1,,
1010,MIST_Cicada3301,MILITARY INSTITUTE OF SCIENCE AND TECHNOLOGY,2,283,6,,1,"✓
3(106)",,10,"✓
5(177)",,
1011,PUST_Accepted,PABNA UNIVERSITY OF SCIENCE AND TECHNOLOGY,2,283,6,,,"✓
2(53)",,1,"✓
6(230)",,
1012,Istt_raw_coders,INSTITUTE OF SCIENCE TRADE AND TECHNOLOGY,1,144,6,1,,"✓
3(144)",2,1,2,,
1013,Bit benders,DAFFODIL INTERNATIONAL UNIVERSITY,1,268,6,,,"✓
6(268)",,1,,,
1014,DIU d.w.y.t,DAFFODIL INTERNATIONAL UNIVERSITY,1,216,6,,,"✓
5(216)",,2,,,
1015,TU_NS2_CODERS,TEESTA UNIVERSITY,1,194,6,,,"✓
5(194)",,3,,,
1016,IUBAT_LostBeings,INTERNATIONAL UNIVERSITY OF BUSINESS AGRICULTURE AND TECHNOLOGY,1,282,6,,,"✓
8(282)",,,,,
1017,BUBT_Ganchil,BANGLADESH UNIVERSITY OF BUSINESS AND TECHNOLOGY,1,280,6,,,"✓
7(280)",,10,,,
1018,MBSTU_Unrated,MAWLANA BHASHANI SCIENCE AND TECHNOLOGY UNIVERSITY,2,295,6,,,"✓
5(149)",,,"✓
1(146)",,
1019,SEU_AlphaOne,"SOUTHEAST UNIVERSITY, BANGLADESH",1,283,6,,,"✓
7(283)",,4,2,,
1020,SEU_code_crackers,"SOUTHEAST UNIVERSITY, BANGLADESH",1,271,6,,,"✓
7(271)",,,6,,
1021,UAP_EEE_HighVoltage,UNIVERSITY OF ASIA PACIFIC,2,296,6,,,"✓
2(100)",,,"✓
1(196)",,
1022,NUB_VoidDreamers,NORTHERN UNIVERSITY BANGLADESH,1,175,6,,,"✓
5(175)",,,,,
1023,Trio titans,INTERNATIONAL ISLAMIC UNIVERSITY CHITTAGONG,1,108,6,,,"✓
1(108)",,6,,,
1024,Baby_Programmers,INTERNATIONAL ISLAMIC UNIVERSITY CHITTAGONG,1,199,6,,,3,,1,"✓
1(199)",1,
1025,SMUCT_Ctrl_Alt_Alight,SHANTO-MARIAM UNIVERSITY OF CREATIVE TECHNOLOGY,1,211,6,,,"✓
7(211)",,4,4,,
1026,CUB_ARTEMIS,CANADIAN UNIVERSITY OF BANGLADESH,2,302,6,,1,"✓
4(129)",,5,"✓
1(173)",,
1027,CityU_Elite,CITY UNIVERSITY,0,0,6,,,7,,,12,,
1028,JU_Null_Coders,JAHANGIRNAGAR UNIVERSITY,2,304,6,,,"✓
3(143)",,4,"✓
1(161)",,
1029,SFMU_Code Breakers,SHEIKH FAZILATUNNESA MUJIB UNIVERSITY,0,0,6,,,10,,13,,,
1030,UITS_vikings,UNIVERSITY OF INFORMATION TECHNOLOGY & SCIENCES,1,263,6,,,"✓
5(263)",,1,,,
1031,CoU_nt Down To Victory,COMILLA UNIVERSITY,2,305,6,,,"✓
3(83)",1,1,"✓
2(222)",,
1032,FCI_Byteforce,FENI COMPUTER INSTITUTE,1,208,6,,,"✓
2(208)",,,1,,
1033,AIUB_beThe1,AMERICAN INTERNATIONAL UNIVERSITY - BANGLADESH,1,302,6,,,"✓
8(302)",,2,,,
1034,Scholars_AMT,UNIVERSITY OF SCHOLARS,1,254,6,,,"✓
6(254)",,1,2,,
1035,KYAU_Infinity Loopers,KHWAJA YUNUS ALI UNIVERSITY,1,151,6,,,"✓
2(151)",,,,,
1036,JU_Phoenix,JAHANGIRNAGAR UNIVERSITY,2,310,6,,,"✓
1(79)",,,"✓
3(231)",,
1037,NSU__returnHome,NORTH SOUTH UNIVERSITY,1,106,6,,,"✓
3(106)",,,,,
1038,IIUC_Mayer_Doa,INTERNATIONAL ISLAMIC UNIVERSITY CHITTAGONG,1,265,6,,,"✓
11(265)",,1,5,,
1039,Team_Avg,INTERNATIONAL ISLAMIC UNIVERSITY CHITTAGONG,1,280,6,,,"✓
7(280)",,,,,
1040,Target_Next_ICPC,MAWLANA BHASHANI SCIENCE AND TECHNOLOGY UNIVERSITY,2,323,6,,,"✓
1(20)",,,"✓
6(303)",,
1041,KYAU_Runtime Terrors,KHWAJA YUNUS ALI UNIVERSITY,1,163,6,,,"✓
3(163)",,,4,,
1042,Titan Coders,"RANGPUR ENGINEERING COLLEGE,RANGPUR",0,0,6,,1,3,,3,2,,
1043,DIU_SPARKs,DAFFODIL INTERNATIONAL UNIVERSITY,1,290,6,,,"✓
8(290)",,2,,,
1044,AIUB_DeepDrive,AMERICAN INTERNATIONAL UNIVERSITY - BANGLADESH,1,319,6,,,"✓
5(319)",,,3,,1
1045,SEU_Excalibur,"SOUTHEAST UNIVERSITY, BANGLADESH",1,295,6,,,"✓
8(295)",,2,2,,
1046,TiN_UstaD,BANGLADESH AGRICULTURAL UNIVERSITY,2,331,6,,,"✓
1(72)",,,"✓
5(259)",,
1047,CUET_Kanotix,CHITTAGONG UNIVERSITY OF ENGINEERING & TECHNOLOGY,2,331,6,,,"✓
7(189)",1,,"✓
1(142)",,
1048,BUBT_Innovators,BANGLADESH UNIVERSITY OF BUSINESS AND TECHNOLOGY,1,268,6,,,"✓
6(268)",,,,,
1049,ADUST_ByteBusters,ATISH DIPANKAR UNIVERSITY OF SCIENCE & TECHNOLOGY,2,334,6,,,"✓
3(134)","✓
1(200)",,,,
1050,SEU_PhantomTroupe,"SOUTHEAST UNIVERSITY, BANGLADESH",1,303,6,,,"✓
7(303)",,,,,
1051,BUBT_ChatAPT,BANGLADESH UNIVERSITY OF BUSINESS AND TECHNOLOGY,1,271,6,,,"✓
6(271)",,,,,
1052,BUBT_Olympiad,BANGLADESH UNIVERSITY OF BUSINESS AND TECHNOLOGY,2,338,6,,,"✓
2(218)",,4,"✓
1(120)",,
1053,UAP_EEE_T-34,UNIVERSITY OF ASIA PACIFIC,1,211,6,,,5,,,"✓
1(211)",,
1054,Sigterm,INTERNATIONAL ISLAMIC UNIVERSITY CHITTAGONG,1,334,6,,,"✓
6(334)",,,,,
1055,Code_Explorers,SHAHJALAL UNIVERSITY OF SCIENCE AND TECHNOLOGY,2,343,6,,,"✓
7(183)",,5,"✓
3(160)",,
1056,Pure_Next,INTERNATIONAL ISLAMIC UNIVERSITY CHITTAGONG,1,158,6,,,"✓
5(158)",,5,2,,
1057,IU_WrongCoders,"ISLAMIC UNIVERSITY, BANGLADESH",2,344,6,,,"✓
5(134)","✓
2(210)",4,9,,
1058,LessThanXero,MAWLANA BHASHANI SCIENCE AND TECHNOLOGY UNIVERSITY,2,346,6,,,"✓
2(46)",,4,"✓
7(300)",,
1059,SMUCT_NOOBS,SHANTO-MARIAM UNIVERSITY OF CREATIVE TECHNOLOGY,1,340,6,,,"✓
11(340)",,,,,
1060,UU_one_zero_one,UTTARA UNIVERSITY,1,329,6,,,"✓
13(329)",,,6,,2
1061,BAUET_Hidden_Loop,BANGLADESH ARMY UNIVERSITY OF ENGINEERING & TECHNOLOGY,1,277,6,,,"✓
3(277)",,,4,,
1062,MU_LogicLords,METROPOLITAN UNIVERSITY,1,342,6,,,"✓
8(342)",,,,,
1063,SEU_Uddesshohin,"SOUTHEAST UNIVERSITY, BANGLADESH",2,356,6,,,"✓
1(37)",,,"✓
5(319)",,
1064,DIU_ERROR404,DAFFODIL INTERNATIONAL UNIVERSITY,1,285,6,,,"✓
8(285)",,4,,,
1065,JnUBugSurgeons,"JAGANNATH UNIVERSITY, BANGLADESH",2,358,6,,,"✓
6(204)",6,6,"✓
2(154)",,
1066,MBSTU_Non_Coders,MAWLANA BHASHANI SCIENCE AND TECHNOLOGY UNIVERSITY,1,197,6,,,"✓
2(197)",,,,,
1067,ULAB 404,UNIVERSITY OF LIBERAL ARTS BANGLADESH,1,235,6,,,"✓
6(235)",,,2,,
1068,AUST_Vanquishers,AHSANULLAH UNIVERSITY OF SCIENCE AND TECHNOLOGY,2,368,6,,,"✓
1(19)",,6,"✓
7(349)",,
1069,DIIT_Chhichhore,DAFFODIL INSTITUTE OF INFORMATION TECHNOLOGY,1,345,6,,,"✓
9(345)",,,,,
1070,SEU_NoobMaster閳ユ獨,"SOUTHEAST UNIVERSITY, BANGLADESH",0,0,6,,,9,,3,,,
1071,BRACU_HOPE,BRAC UNIVERSITY,1,220,6,,,"✓
6(220)",5,2,,,
1072,EWU_Byte_Bandits,EAST WEST UNIVERSITY,2,381,6,,,"✓
2(127)",,,"✓
2(254)",,
1073,IIUC.push_back(),INTERNATIONAL ISLAMIC UNIVERSITY CHITTAGONG,2,386,6,,,"✓
10(255)",,3,"✓
1(131)",,
1074,JU_Three_Idiots,JAHANGIRNAGAR UNIVERSITY,2,392,6,,,"✓
2(56)",,,"✓
7(336)",,
1075,DIU_CodingWeak,DAFFODIL INTERNATIONAL UNIVERSITY,0,0,6,,,14,,,1,,
1076,IUB_Runtime_Terrors,INDEPENDENT UNIVERSITY - BANGLADESH,1,180,6,,,6,,,"✓
1(180)",,
1077,Beginner_of_CSTU,CHANDPUR SCIENCE AND TECHNOLOGY UNIVERSITY,1,390,6,,,"✓
9(390)",,1,,,
1078,wub_garbage_value,WORLD UNIVERSITY OF BANGLADESH,0,0,6,,,5,,1,,,
1079,NSU_noDictator,NORTH SOUTH UNIVERSITY,2,407,6,,,"✓
8(225)",,7,"✓
4(182)",,
1080,NUBTK_Atomic,NORTHERN UNIVERSITY OF BUSINESS AND TECHNOLOGY KHULNA,1,398,6,,,"✓
9(398)",,,,,
1081,JUmpstart,JAHANGIRNAGAR UNIVERSITY,2,410,6,,,"✓
4(167)",,,"✓
3(243)",,
1082,SnowBell,STATE UNIVERSITY OF BANGLADESH,2,415,6,,,"✓
3(121)",,,"✓
4(294)",,
1083,DIU_Blue_Bird,DAFFODIL INTERNATIONAL UNIVERSITY,1,310,6,,,"✓
11(310)",,,,,
1084,AUST_CtrlC_CtrlV,AHSANULLAH UNIVERSITY OF SCIENCE AND TECHNOLOGY,2,424,6,,,"✓
1(25)",,4,"✓
11(399)",,
1085,BU_Celestials,BANGLADESH UNIVERSITY,1,322,6,,,"✓
11(322)",,17,,,
1086,Three cube,UNIVERSITY OF INFORMATION TECHNOLOGY & SCIENCES,1,397,6,,,"✓
12(397)",,,,,
1087,BSMRSTU_The Idiots F.A.S.,BANGABANDHU SHEIKH MUJIBUR RAHMAN SCIENCE AND TECHNOLOGY UNIVERSITY,1,383,6,,,"✓
9(383)",,,,,
1088,MBSTU_F_Retry_S,MAWLANA BHASHANI SCIENCE AND TECHNOLOGY UNIVERSITY,1,353,6,,,"✓
14(353)",,,,,
1089,SEU_RAFSquad,"SOUTHEAST UNIVERSITY, BANGLADESH",1,301,6,,,"✓
6(301)",,,,,
1090,pust_odyssey,PABNA UNIVERSITY OF SCIENCE AND TECHNOLOGY,2,443,6,,,"✓
1(62)",2,,"✓
9(381)",,
1091,MIST_C4Coder,MILITARY INSTITUTE OF SCIENCE AND TECHNOLOGY,2,444,6,,,"✓
1(21)",,,"✓
11(423)",,
1092,NWU_Omega,"NORTH WESTERN UNIVERSITY, KHULNA",1,419,6,1,,"✓
10(419)",2,1,,,
1093,DU_Moo Deng,UNIVERSITY OF DHAKA,2,446,6,,,"✓
6(221)",,3,"✓
1(225)",,
1094,MBSTU_TEAM_GREEN,MAWLANA BHASHANI SCIENCE AND TECHNOLOGY UNIVERSITY,2,476,6,,,"✓
4(221)",,,"✓
3(255)",,
1095,SMUCT_LEVEL_ZERO,SHANTO-MARIAM UNIVERSITY OF CREATIVE TECHNOLOGY,2,476,6,,,"✓
6(200)",,5,"✓
5(276)",,
1096,Fire Dragon,DAFFODIL INTERNATIONAL UNIVERSITY,2,477,6,,1,"✓
7(313)","✓
1(164)",6,14,1,
1097,Team_Hello_World,INTERNATIONAL ISLAMIC UNIVERSITY CHITTAGONG,1,316,6,,,"✓
6(316)",,,3,,
1098,JU_Quiet_Striker,JAHANGIRNAGAR UNIVERSITY,2,483,6,,,"✓
16(416)",,5,"✓
1(67)",,
1099,GreenU_Anonymous,GREEN UNIVERSITY OF BANGLADESH,1,479,6,,,"✓
17(479)",,4,,,
1100,House_Targaryen,BANGLADESH OPEN UNIVERSITY,1,411,6,,,"✓
15(411)",,,7,,
1101,BUBT_ERROR_504,BANGLADESH UNIVERSITY OF BUSINESS AND TECHNOLOGY,1,385,6,,,"✓
10(385)",,4,,,
1102,DIU Syntax Squad,DAFFODIL INTERNATIONAL UNIVERSITY,1,369,6,,,"✓
9(369)",,,1,,
1103,coder_threesome,BARISAL INFORMATION TECHNOLOGY COLLEGE,1,238,6,,,"✓
4(238)",,3,1,,
1104,PUC_RuntimeError,PREMIER UNIVERSITY CHITTAGONG,2,546,6,,,"✓
5(184)",,"✓
10(362)",,,
1105,IIUC Assessinz,INTERNATIONAL ISLAMIC UNIVERSITY CHITTAGONG,2,639,6,,,"✓
6(185)",,,"✓
13(454)",,
1106,1year==1semester,RANGAMATI SCIENCE & TECHNOLOGY UNIVERSITY,2,662,6,,1,"✓
21(508)",1,3,"✓
3(154)",,
1107,EWU_ENIGMA,EAST WEST UNIVERSITY,1,622,6,,,"✓
22(622)",1,,8,,
1108,IUB_TripleZero,INDEPENDENT UNIVERSITY - BANGLADESH,0,0,6,,,15,,,,,
1109,UIU_WA_Overflow,UNITED INTERNATIONAL UNIVERSITY,0,0,6,,,,,,,,
1110,DIU_GreedyGeeks,DAFFODIL INTERNATIONAL UNIVERSITY,0,0,6,,,4,,2,,,
1111,Bubt_BrainyFools,BANGLADESH UNIVERSITY OF BUSINESS AND TECHNOLOGY,0,0,6,,,3,,3,,,
1112,NEUB_ByteCristers,NORTH EAST UNIVERSITY BANGLADESH,0,0,6,,,10,,,,,
1113,DIU_Cyclone,DAFFODIL INTERNATIONAL UNIVERSITY,0,0,6,,,5,,,,,
1114,AIUB_BugBusters,AMERICAN INTERNATIONAL UNIVERSITY - BANGLADESH,0,0,6,1,,3,,5,,,
1115,AIUB_furious,AMERICAN INTERNATIONAL UNIVERSITY - BANGLADESH,0,0,6,,,4,,1,,,
1116,BGC_Binary_Bandits,BGC TRUST UNIVERSITY BANGLADESH,0,0,6,,,12,,1,5,,
1117,CUET_Dream_bhai_Dream,CHITTAGONG UNIVERSITY OF ENGINEERING & TECHNOLOGY,0,0,6,,,,,,1,,
1118,IU_ArrayAce,"ISLAMIC UNIVERSITY, BANGLADESH",0,0,6,,,,,,,,
1119,UAP_Gryffindor,UNIVERSITY OF ASIA PACIFIC,0,0,6,,,,,1,,,
1120,DIU-PANDAS,DAFFODIL INTERNATIONAL UNIVERSITY,0,0,6,,,6,,,,,
1121,BUBT_SyntaxError,BANGLADESH UNIVERSITY OF BUSINESS AND TECHNOLOGY,0,0,6,,,4,,,,,
1122,EDU_Conquerors,"EAST DELTA UNIVERSITY, CHITTAGONG",0,0,6,,,,,,,,
1123,SIU_Algorithm_Avengers,SYLHET INTERNATIONAL UNIVERSITY,0,0,6,,,1,,,,,
1124,UAP_CINTRACON,UNIVERSITY OF ASIA PACIFIC,0,0,6,,,9,,,,,
1125,DIU_Erika,DAFFODIL INTERNATIONAL UNIVERSITY,0,0,6,,,5,,,,,
1126,Three_Musketeers,CHANDPUR SCIENCE AND TECHNOLOGY UNIVERSITY,0,0,6,2,,4,,1,5,,
1127,SIU_CodeClashers,SYLHET INTERNATIONAL UNIVERSITY,0,0,6,,,5,,1,,,
1128,UAP_SHR,UNIVERSITY OF ASIA PACIFIC,0,0,6,,,2,1,,,,
1129,UAP_Stack_Smasher,UNIVERSITY OF ASIA PACIFIC,0,0,6,,,,,,,,
1130,UITS_Recursioncoder,UNIVERSITY OF INFORMATION TECHNOLOGY & SCIENCES,0,0,6,,,2,,,,,
1131,DIU_BugHunters,DAFFODIL INTERNATIONAL UNIVERSITY,0,0,6,,,,1,1,,,
1132,DIU_Nexus Knights,DAFFODIL INTERNATIONAL UNIVERSITY,0,0,6,,,,,,,,
1133,BUBT_Alpha16,BANGLADESH UNIVERSITY OF BUSINESS AND TECHNOLOGY,0,0,6,,,3,,,1,,
1134,BUBT_Binary_Commandos,BANGLADESH UNIVERSITY OF BUSINESS AND TECHNOLOGY,0,0,6,,,2,,,,,
1135,CityU_Tech_Titans,CITY UNIVERSITY,0,0,6,,3,3,1,5,1,,1
1136,IIUC_BlunderTrio,INTERNATIONAL ISLAMIC UNIVERSITY CHITTAGONG,0,0,6,,,5,,,,,
1137,IUBAT_Team_Z,INTERNATIONAL UNIVERSITY OF BUSINESS AGRICULTURE AND TECHNOLOGY,0,0,6,,,1,,,,,
1138,MBSTU_Logic_Lords,MAWLANA BHASHANI SCIENCE AND TECHNOLOGY UNIVERSITY,0,0,6,,,2,,,,,
1139,Troyi_First,NORTHERN UNIVERSITY OF BUSINESS AND TECHNOLOGY KHULNA,0,0,6,,,,,,,,
1140,TUB_Slow_Coder,"TRUST UNIVERSITY, BARISHAL",0,0,6,,,,,,,,
1141,DIU_C_plus_plus,DAFFODIL INTERNATIONAL UNIVERSITY,0,0,6,,,6,,3,,,
1142,BU_coders,BANDARBAN UNIVERSITY,0,0,6,,,,,,,,
1143,CIU_HiddenLeaf,CHITTAGONG INDEPENDENT UNIVERSITY,0,0,6,,,10,,,,,
1144,DIU_Cloud9,DAFFODIL INTERNATIONAL UNIVERSITY,0,0,6,,,,,,,,
1145,EWU_BIT_THEORY,EAST WEST UNIVERSITY,0,0,6,,,10,,1,,,
1146,Mystic Coders GB,GONO BISHWABIDYALAY (GONO UNIVERSITY),0,0,6,,,5,,,,,
1147,STM22_SUST,SHAHJALAL UNIVERSITY OF SCIENCE AND TECHNOLOGY,0,0,6,,,,,,,,
1148,Stamford DeBi,STAMFORD UNIVERSITY BANGLADESH,0,0,6,,,4,,3,7,,
1149,BUBT_Assembly_Coder,BANGLADESH UNIVERSITY OF BUSINESS AND TECHNOLOGY,0,0,6,,1,1,,,,,
1150,BUBT_Supreme_Strivers,BANGLADESH UNIVERSITY OF BUSINESS AND TECHNOLOGY,0,0,6,1,,6,,1,,,
1151,Bubt_Wolf coder,BANGLADESH UNIVERSITY OF BUSINESS AND TECHNOLOGY,0,0,6,,,,,,,,
1152,DIU_Elite_Trinity,DAFFODIL INTERNATIONAL UNIVERSITY,0,0,6,,,2,,,,,
1153,Pixel Pioneers,INTERNATIONAL ISLAMIC UNIVERSITY CHITTAGONG,0,0,6,,,,,,,,
1154,Tri-Bit,JATIYA KABI KAZI NAZRUL ISLAM UNIVERSITY,0,0,6,,,4,,,,,
1155,UAP_Recursive_Rebels,UNIVERSITY OF ASIA PACIFIC,0,0,6,,,,,1,,,
1156,DIU_ Bugs Everywhere,DAFFODIL INTERNATIONAL UNIVERSITY,0,0,6,,,,,,,,
1157,CBST_Syntax_Error_Squad,"COLLEGE OF BUSINESS SCIENCE AND TECHNOLOGY, MYMENSINGH",0,0,6,,,6,,2,1,,
1158,FEC_ClumsyTrio,FARIDPUR ENGINEERING COLLEGE,0,0,6,,,11,,,,,
1159,IIUC_Compiler,INTERNATIONAL ISLAMIC UNIVERSITY CHITTAGONG,0,0,6,,,23,,1,4,,
1160,IUT_blueLemons,ISLAMIC UNIVERSITY OF TECHNOLOGY,1,16,6,,,"✓
1(16)",,,,,
1161,new_bees01,NORTHERN UNIVERSITY BANGLADESH,0,0,6,,,3,,,,,
1162,Uap_Masterminds,UNIVERSITY OF ASIA PACIFIC,0,0,6,,,1,,,,,
1163,DIU_BinaryBrain,DAFFODIL INTERNATIONAL UNIVERSITY,0,0,6,1,1,2,1,1,1,1,2
1164,AUB_Mind_Installer,ASIAN UNIVERSITY OF BANGLADESH,0,0,6,,5,,,7,3,,
1165,Runtime ERROR BSFMSTU,BANGAMATA SHEIKH FOJILATUNNESA MUJIB SCIENCE AND TECHNOLOGY UNIVERSITY,0,0,6,,,12,,,,,
1166,BUBT_Infinite Loop,BANGLADESH UNIVERSITY OF BUSINESS AND TECHNOLOGY,0,0,6,,,,,,,,
1167,BUBT_Quantum_Trio,BANGLADESH UNIVERSITY OF BUSINESS AND TECHNOLOGY,0,0,6,,,1,,,,,
1168,DIU_GenZ,DHAKA INTERNATIONAL UNIVERSITY,0,0,6,,,2,,,,,
1169,SkillIssue,INTERNATIONAL ISLAMIC UNIVERSITY CHITTAGONG,0,0,6,,,3,1,,,,
1170,NDUB_CODE_DOMINATORS,NOTRE DAME UNIVERSITY BANGLADESH,0,0,6,1,4,3,1,2,1,2,6
1171,UAP_Code_Crushers,UNIVERSITY OF ASIA PACIFIC,0,0,6,,,,,,,,
1172,DIU_errOr_311,DAFFODIL INTERNATIONAL UNIVERSITY,0,0,6,,,1,,,,,
1173,DIU_MindBenders,DAFFODIL INTERNATIONAL UNIVERSITY,0,0,6,,1,5,,,,,
1174,DIU_SUM,DAFFODIL INTERNATIONAL UNIVERSITY,0,0,6,,,5,,,,,
1175,Error,BANGAMATA SHEIKH FOJILATUNNESA MUJIB SCIENCE AND TECHNOLOGY UNIVERSITY,0,0,6,,,2,,,,,
1176,BU_CodeFools,BANGLADESH UNIVERSITY,0,0,6,,,4,,,,,
1177,3Noobies_iiuc,INTERNATIONAL ISLAMIC UNIVERSITY CHITTAGONG,0,0,6,,1,6,,2,,,
1178,FOR_Coders,PRESIDENCY UNIVERSITY,0,0,6,,,3,,4,,,
1179,SIU_backbencher,SYLHET INTERNATIONAL UNIVERSITY,0,0,6,,,4,,,,,
1180,UAP_Tech_Titans,UNIVERSITY OF ASIA PACIFIC,0,0,6,,,,,,,,
1181,ULAB_Avengers,UNIVERSITY OF LIBERAL ARTS BANGLADESH,0,0,6,,,16,,1,,,
1182,DIU_GreenHorns,DAFFODIL INTERNATIONAL UNIVERSITY,0,0,6,,,,,2,,,
1183,Bubt_Abs_Algorithm,BANGLADESH UNIVERSITY OF BUSINESS AND TECHNOLOGY,0,0,6,,,14,,,,,
1184,BUBT_Alpha_Beta_Gamma,BANGLADESH UNIVERSITY OF BUSINESS AND TECHNOLOGY,0,0,6,,,3,,,,,
1185,EDU_InfinityLoops,"EAST DELTA UNIVERSITY, CHITTAGONG",0,0,6,,,6,,1,1,,
1186,EU_Trident,EASTERN UNIVERSITY OF BANGLADESH,0,0,6,,,3,,6,,,
1187,NSTU_alve_ceamin,NOAKHALI SCIENCE AND TECHNOLOGY UNIVERSITY,1,19,6,,,"✓
1(19)",,,5,,
1188,DIU_CODE_CRACKERS,DAFFODIL INTERNATIONAL UNIVERSITY,0,0,6,,,13,,,,,
1189,BUBT_Fevicol,BANGLADESH UNIVERSITY OF BUSINESS AND TECHNOLOGY,0,0,6,,,,,,,,
1190,BUBT_TITANS,BANGLADESH UNIVERSITY OF BUSINESS AND TECHNOLOGY,0,0,6,,,,,,,,
1191,Bug_Breakers,SHANTO-MARIAM UNIVERSITY OF CREATIVE TECHNOLOGY,0,0,6,,,5,,,,,
1192,UAP_BIT_POINTERS,UNIVERSITY OF ASIA PACIFIC,0,0,6,,,10,,,,,
1193,IIUC_Dynamo,INTERNATIONAL ISLAMIC UNIVERSITY CHITTAGONG,1,21,6,,,3,"✓
1(21)",3,4,,1
1194,Pookie_Debuggers,INTERNATIONAL ISLAMIC UNIVERSITY CHITTAGONG,0,0,6,,,2,,1,1,,1
1195,Team Gen Jen,INTERNATIONAL ISLAMIC UNIVERSITY CHITTAGONG,1,21,6,,,"✓
1(21)",,,10,,
1196,DIU_Bug_Stupefiers,DAFFODIL INTERNATIONAL UNIVERSITY,1,22,6,,,"✓
1(22)",,,4,,
1197,BU_ Infinity,BANGLADESH UNIVERSITY,0,0,6,,,,,2,,,
1198,EDU_pyteam,"EAST DELTA UNIVERSITY, CHITTAGONG",0,0,6,,,,,,,,
1199,HSTU_SegFault,HAJEE MOHAMMAD DANESH SCIENCE AND TECHNOLOGY UNIVERSITY,1,22,6,,,"✓
1(22)",,2,5,,
1200,Null_ pointers,INTERNATIONAL ISLAMIC UNIVERSITY CHITTAGONG,0,0,6,2,2,2,1,1,1,1,1
1201,NWU_WeAre,"NORTH WESTERN UNIVERSITY, KHULNA",0,0,7,,,,,3,1,,
1202,PUC_ANIRBAN,PREMIER UNIVERSITY CHITTAGONG,0,0,7,,,2,,,,,
1203,SIU_XEROX,SYLHET INTERNATIONAL UNIVERSITY,0,0,7,,,1,,,,,
1204,Uap_innovators,UNIVERSITY OF ASIA PACIFIC,0,0,7,,,1,,3,,,
1205,DU_targetNxtICPC,UNIVERSITY OF DHAKA,1,22,7,,,"✓
1(22)",,1,5,,
1206,BUBT_490,BANGLADESH UNIVERSITY OF BUSINESS AND TECHNOLOGY,0,0,7,,,2,,,,,
1207,BUBT_Waiting For Aafa,BANGLADESH UNIVERSITY OF BUSINESS AND TECHNOLOGY,1,23,7,,,1,"✓
1(23)",1,2,,
1208,DIU_Runtime_TError,DAFFODIL INTERNATIONAL UNIVERSITY,0,0,7,,,3,,,,,
1209,DIU_Wild_Dreamers,DAFFODIL INTERNATIONAL UNIVERSITY,0,0,7,,,,,4,,,1
1210,Void,BANGAMATA SHEIKH FOJILATUNNESA MUJIB SCIENCE AND TECHNOLOGY UNIVERSITY,0,0,7,,,4,,4,,,
1211,BAUST_underclock_crew,BANGLADESH ARMY UNIVERSITY OF SCIENCE & TECHNOLOGY,1,24,7,,,"✓
1(24)",,6,4,,
1212,BUBT_MRU,BANGLADESH UNIVERSITY OF BUSINESS AND TECHNOLOGY,0,0,7,,,,,3,,,
1213,NSTU_Vain,NOAKHALI SCIENCE AND TECHNOLOGY UNIVERSITY,1,24,7,,,"✓
1(24)",,,3,,
1214,UU_FailSquad,UTTARA UNIVERSITY,1,24,7,,,"✓
1(24)",1,,10,,
1215,BUBT_Stratix,BANGLADESH UNIVERSITY OF BUSINESS AND TECHNOLOGY,0,0,7,,,1,,2,,,
1216,CityU_LazyCoders,CITY UNIVERSITY,0,0,7,,1,2,,3,3,,
1217,BUBT_Matikata,BANGLADESH UNIVERSITY OF BUSINESS AND TECHNOLOGY,0,0,7,,,,,1,,,1
1218,EDU_TrioX,"EAST DELTA UNIVERSITY, CHITTAGONG",0,0,7,,,6,,,1,,
1219,Team-X,NATIONAL INSTITUTE OF TEXTILE ENGINEERING AND RESEARCH,0,0,7,,,6,,1,1,,
1220,TC_keyboard_crackers,TEJGAON COLLEGE,0,0,7,,,4,,1,,,
1221,UAP_TechTitans,UNIVERSITY OF ASIA PACIFIC,0,0,7,,,1,,,,,
1222,WUB_Bug_Busters,WORLD UNIVERSITY OF BANGLADESH,0,0,7,,,5,,3,,,
1223,DIU_BitBenders,DHAKA INTERNATIONAL UNIVERSITY,0,0,7,,,4,,,,,
1224,DIU_TeamALT,DHAKA INTERNATIONAL UNIVERSITY,0,0,7,,,4,,5,,,
1225,ISTT_Optimizers,INSTITUTE OF SCIENCE TRADE AND TECHNOLOGY,1,27,7,,,"✓
1(27)",1,,9,,
1226,Neub_CodeCrafters,NORTH EAST UNIVERSITY BANGLADESH,0,0,7,,,2,,1,,,
1227,PUB_Recursive_Trio,PUNDRA UNIVERSITY OF SCIENCE & TECHNOLOGY,0,0,7,,,4,,,,,
1228,UAP_The_Coffee_Compilers,UNIVERSITY OF ASIA PACIFIC,0,0,7,,,5,,,1,,1
1229,DU_C_Public,UNIVERSITY OF DHAKA,1,27,7,,,"✓
1(27)",,1,6,,
1230,CityU_Mavericks,CITY UNIVERSITY,0,0,7,,,,,,,,
1231,UAP_Infinite_Loopers,UNIVERSITY OF ASIA PACIFIC,0,0,7,,,3,,,,,
1232,ZHSUST_Mystic Squad,Z. H. SIKDER UNIVERSITY OF SCIENCE AND TECHNOLOGY,0,0,7,,,,,,,,
1233,BUBT_MasterMind,BANGLADESH UNIVERSITY OF BUSINESS AND TECHNOLOGY,0,0,7,,,1,,,2,,
1234,SFMU_SiUUUU,SHEIKH FAZILATUNNESA MUJIB UNIVERSITY,0,0,7,,,3,,,,,
1235,UIU_ctrlZ,UNITED INTERNATIONAL UNIVERSITY,1,29,7,,,"✓
1(29)",,1,,,
1236,BUBT_GM,BANGLADESH UNIVERSITY OF BUSINESS AND TECHNOLOGY,0,0,7,,,,,,,,
1237,404 Winners Not Found,INTERNATIONAL ISLAMIC UNIVERSITY CHITTAGONG,0,0,7,,,2,,,2,,
1238,BUBT_Meaow,BANGLADESH UNIVERSITY OF BUSINESS AND TECHNOLOGY,0,0,7,,,1,,,,,
1239,DIU_Titans,DHAKA INTERNATIONAL UNIVERSITY,0,0,7,,,6,,,,,
1240,BUBT_GEN-Z,BANGLADESH UNIVERSITY OF BUSINESS AND TECHNOLOGY,0,0,7,,1,1,1,1,,,
1241,Neutral Nexus,INTERNATIONAL ISLAMIC UNIVERSITY CHITTAGONG,0,0,7,,,2,,,,1,1
1242,Ruby,INTERNATIONAL ISLAMIC UNIVERSITY CHITTAGONG,0,0,7,,,,,,,,
1243,UU_SUUUI,UTTARA UNIVERSITY,1,32,7,,,"✓
1(32)",,,10,,
1244,DIU Titanium,DAFFODIL INTERNATIONAL UNIVERSITY,0,0,7,,,,,,,,
1245,Null!,AHSANULLAH UNIVERSITY OF SCIENCE AND TECHNOLOGY,0,0,7,,,3,,,,,
1246,BUBT_Tensai鑴楁幊~鑴楁幊,BANGLADESH UNIVERSITY OF BUSINESS AND TECHNOLOGY,1,33,7,,,"✓
1(33)",,,,,
1247,SFMU_Hackstreet,SHEIKH FAZILATUNNESA MUJIB UNIVERSITY,0,0,7,,,9,,6,1,,1
1248,IIUC_LastHope,INTERNATIONAL ISLAMIC UNIVERSITY CHITTAGONG,1,34,7,,,"✓
1(34)",,,,,
1249,Binary_Brigade,MAWLANA BHASHANI SCIENCE AND TECHNOLOGY UNIVERSITY,0,0,7,,,2,,2,,,
1250,SMUCT_The Paradox Club,SHANTO-MARIAM UNIVERSITY OF CREATIVE TECHNOLOGY,1,34,7,,,"✓
1(34)",,3,3,,
1251,BSMRSTU_CodeFury,BANGABANDHU SHEIKH MUJIBUR RAHMAN SCIENCE AND TECHNOLOGY UNIVERSITY,1,35,7,1,,"✓
1(35)",,4,,,
1252,BUBT_CodingWitches,BANGLADESH UNIVERSITY OF BUSINESS AND TECHNOLOGY,0,0,7,,,,,,2,,
1253,CUST_DEBUGGERS,CENTRAL UNIVERSITY OF SCIENCE & TECHNOLOGY,0,0,7,,,3,,,,,
1254,SIS56,INTERNATIONAL ISLAMIC UNIVERSITY CHITTAGONG,0,0,7,,,3,,,,,
1255,DIU_InfinityCoders,DAFFODIL INTERNATIONAL UNIVERSITY,1,36,7,,,"✓
1(36)",,1,,,
1256,BUBT_ERRROR,BANGLADESH UNIVERSITY OF BUSINESS AND TECHNOLOGY,0,0,7,,,1,,,,,
1257,MU_EmergentSWEs,METROPOLITAN UNIVERSITY,0,0,7,,,7,,,,,
1258,NWU_CodeZen,"NORTH WESTERN UNIVERSITY, KHULNA",0,0,7,,,9,,,1,,
1259,DIU_TargetNext_ICPC,DAFFODIL INTERNATIONAL UNIVERSITY,0,0,7,,,5,,,,,
1260,BUBT_FALCONs,BANGLADESH UNIVERSITY OF BUSINESS AND TECHNOLOGY,0,0,7,,,5,,5,,,
1261,MU_Climbers,METROPOLITAN UNIVERSITY,0,0,7,,,10,,,,,
1262,UAP_uchiha,UNIVERSITY OF ASIA PACIFIC,0,0,7,,,,,,,,
1263,UU_fullSupport,UTTARA UNIVERSITY,0,0,7,,,5,,,1,,
1264,DIU_ Eclipse Coders,DAFFODIL INTERNATIONAL UNIVERSITY,0,0,7,,,,,,,,
1265,SMUCT_Syntax_Squad,SHANTO-MARIAM UNIVERSITY OF CREATIVE TECHNOLOGY,0,0,7,,,1,,,,,
1266,UAP_Free_Thinkers,UNIVERSITY OF ASIA PACIFIC,0,0,7,,,1,,,,,
1267,UU_Metaphorical_3.0,UTTARA UNIVERSITY,1,39,7,,1,"✓
1(39)",,1,1,,
1268,The_Bug_Busters,CENTRAL WOMENS UNIVERSITY,0,0,7,,,,,,1,,
1269,IUB_TRex,INDEPENDENT UNIVERSITY - BANGLADESH,0,0,7,,,,,,,,
1270,pub_AlgoMystics,PUNDRA UNIVERSITY OF SCIENCE & TECHNOLOGY,0,0,7,,,12,,,,,
1271,BUBT_Express,BANGLADESH UNIVERSITY OF BUSINESS AND TECHNOLOGY,1,41,7,,,"✓
1(41)",,,2,,
1272,CityU_Debugger,CITY UNIVERSITY,0,0,7,,,3,,,,,
1273,Team Arceus,INTERNATIONAL ISLAMIC UNIVERSITY CHITTAGONG,1,41,7,,,"✓
1(41)",,1,,,
1274,DIU_RuntimeWarriors,DAFFODIL INTERNATIONAL UNIVERSITY,0,0,7,,,2,1,,,,
1275,DIU_Sprouts,DAFFODIL INTERNATIONAL UNIVERSITY,1,42,7,,,"✓
1(42)",,,,,
1276,MU_StarPointer,METROPOLITAN UNIVERSITY,1,42,7,,,"✓
1(42)",,,,,
1277,PUB_Debugging_Unicorns,PUNDRA UNIVERSITY OF SCIENCE & TECHNOLOGY,0,0,7,2,,1,,,,3,
1278,SEU_SyntaxError404,"SOUTHEAST UNIVERSITY, BANGLADESH",0,0,7,,,3,,3,1,,
1279,BUBT_Lambda,BANGLADESH UNIVERSITY OF BUSINESS AND TECHNOLOGY,0,0,7,,,,,,,,
1280,Bubt_revolution...,BANGLADESH UNIVERSITY OF BUSINESS AND TECHNOLOGY,0,0,7,,,1,,,1,,
1281,BUBT_SHAWMMY,BANGLADESH UNIVERSITY OF BUSINESS AND TECHNOLOGY,0,0,7,,,3,,,1,,
1282,Axis,BANGLADESH UNIVERSITY OF PROFESSIONALS,0,0,7,,,1,,2,2,,
1283,Team Epsilon,INTERNATIONAL ISLAMIC UNIVERSITY CHITTAGONG,0,0,7,,,,,3,,,
1284,Recompile Hope,RAJSHAHI UNIVERSITY OF ENGINEERING & TECHNOLOGY,1,43,7,2,,"✓
2(43)",,5,1,,
1285,SEU_Trident,"SOUTHEAST UNIVERSITY, BANGLADESH",1,43,7,,,"✓
1(43)",,4,,,
1286,DIU_Top G,DAFFODIL INTERNATIONAL UNIVERSITY,0,0,7,,,4,,3,,,
1287,BU_Bugvengers,BANGLADESH UNIVERSITY,0,0,7,,3,13,,2,2,,
1288,CSTU Tech Titans,CHANDPUR SCIENCE AND TECHNOLOGY UNIVERSITY,0,0,7,,,4,,4,,,
1289,Limit_Exist,DHAKA UNIVERSITY OF ENGINEERING & TECHNOLOGY - GAZIPUR,0,0,7,,,11,,,,,
1290,Team_L0s3r,MAWLANA BHASHANI SCIENCE AND TECHNOLOGY UNIVERSITY,0,0,7,,,1,,,,,
1291,DIU_NPCs,DAFFODIL INTERNATIONAL UNIVERSITY,0,0,7,,,,,,,,
1292,AUST_TOA,AHSANULLAH UNIVERSITY OF SCIENCE AND TECHNOLOGY,1,45,7,,,"✓
2(45)",,,13,,
1293,Infinity_Loopers,BANGAMATA SHEIKH FOJILATUNNESA MUJIB SCIENCE AND TECHNOLOGY UNIVERSITY,0,0,7,,,4,,,,,
1294,PCIU_Debuggers,PORT CITY INTERNATIONAL UNIVERSITY,0,0,7,,,6,,1,,,
1295,TC_Tuple,TEJGAON COLLEGE,0,0,7,,,,,4,,,
1296,The Death Eaters,UNITED INTERNATIONAL UNIVERSITY,1,45,7,,,"✓
1(45)",,1,,,
1297,EEE_Kaijus,UNIVERSITY OF ASIA PACIFIC,0,0,7,,,1,,,,,
1298,Kuet_ACatZer0,KHULNA UNIVERSITY OF ENGINEERING AND TECHNOLOGY,1,46,7,,,"✓
2(46)",,6,,,
1299,TEAM_S2R,NEW MODEL UNIVERSITY COLLEGE,0,0,7,,,3,,,,,
1300,DIU_Bluebirds,DAFFODIL INTERNATIONAL UNIVERSITY,0,0,7,,,,,1,,,
1301,DIU_Creative,DAFFODIL INTERNATIONAL UNIVERSITY,0,0,7,2,,,,,,,
1302,DIU_Hawk_Eyes,DAFFODIL INTERNATIONAL UNIVERSITY,0,0,7,1,,,,,,,
1303,DIU_Bug_Hunters,DAFFODIL INTERNATIONAL UNIVERSITY,0,0,7,,,6,,1,,,1
1304,DIU_ Brainiacs,DAFFODIL INTERNATIONAL UNIVERSITY,1,49,7,,,"✓
1(49)",,1,,,
1305,BU_Techie,BANGLADESH UNIVERSITY,0,0,7,,,1,,,,,
1306,BUBT_CODER'S ASYLUUM,BANGLADESH UNIVERSITY OF BUSINESS AND TECHNOLOGY,1,49,7,,,"✓
1(49)",4,,,,
1307,spy_in_code,RANGAMATI SCIENCE & TECHNOLOGY UNIVERSITY,1,49,7,,,"✓
1(49)",,,2,,
1308,UAP_Codeblaster,UNIVERSITY OF ASIA PACIFIC,0,0,7,,,3,,,,,
1309,DIU_CodeBit,DAFFODIL INTERNATIONAL UNIVERSITY,1,50,7,,,"✓
2(50)",,4,,,
1310,DIU_Turing_Titans,DAFFODIL INTERNATIONAL UNIVERSITY,0,0,7,,,8,,,,,
1311,DIU_Gen Z,DAFFODIL INTERNATIONAL UNIVERSITY,0,0,7,,,1,,3,,,
1312,AIUB_returnSkewness,AMERICAN INTERNATIONAL UNIVERSITY - BANGLADESH,1,51,7,,,"✓
2(51)",,1,4,,
1313,EWU_Depressi0n,EAST WEST UNIVERSITY,1,51,7,2,,"✓
1(51)",,,,,
1314,IUB_Phantom_Troupe,INDEPENDENT UNIVERSITY - BANGLADESH,1,51,7,,,"✓
1(51)",,1,2,,1
1315,NSU_Ctrl_Alt_Defeat,NORTH SOUTH UNIVERSITY,0,0,7,,,1,,1,,,
1316,DIU_Code_Crackers,DAFFODIL INTERNATIONAL UNIVERSITY,0,0,7,1,,1,,,2,,1
1317,Code_Breakers175,PRESIDENCY UNIVERSITY,0,0,7,,,4,,7,,,
1318,ZHSUST_Red_Coder'z,Z. H. SIKDER UNIVERSITY OF SCIENCE AND TECHNOLOGY,0,0,7,,,,,,,,
1319,DIU_Delete_The_Binary,DAFFODIL INTERNATIONAL UNIVERSITY,0,0,7,1,,29,,,1,,
1320,EWU_syntaxErrors,EAST WEST UNIVERSITY,0,0,7,,,,,,,,
1321,MU_BYT3BURN,METROPOLITAN UNIVERSITY,0,0,7,,,,,,,,
1322,NSTU_Warriors,NOAKHALI SCIENCE AND TECHNOLOGY UNIVERSITY,1,53,7,,,"✓
2(53)",,,1,,
1323,UAP_Circuit,UNIVERSITY OF ASIA PACIFIC,0,0,7,,,1,,2,,,
1324,DIU_Rio_Coder,DAFFODIL INTERNATIONAL UNIVERSITY,0,0,7,,,5,,3,,,
1325,the_pheonix,INTERNATIONAL ISLAMIC UNIVERSITY CHITTAGONG,0,0,7,,1,1,,1,2,,
1326,DIU_QuantumCoders,DAFFODIL INTERNATIONAL UNIVERSITY,0,0,7,1,,,,,1,,
1327,DIU_The_noob_Squad,DAFFODIL INTERNATIONAL UNIVERSITY,0,0,7,,,,,,,,
1328,Tech Vibes,INTERNATIONAL ISLAMIC UNIVERSITY CHITTAGONG,0,0,7,,,4,,,,,
1329,BUBT_Syntax_Chaos,BANGLADESH UNIVERSITY OF BUSINESS AND TECHNOLOGY,0,0,7,,1,1,,,1,,1
1330,BUBT_UniqueCoders,BANGLADESH UNIVERSITY OF BUSINESS AND TECHNOLOGY,0,0,7,,,3,,,,,
1331,NSU_Zeros,NORTH SOUTH UNIVERSITY,0,0,7,,,,,,,,
1332,DIU_DEXTERS,DAFFODIL INTERNATIONAL UNIVERSITY,0,0,7,,,6,,1,,,
1333,Bubt_Three Musketeers,BANGLADESH UNIVERSITY OF BUSINESS AND TECHNOLOGY,0,0,7,,,,,,,,
1334,IIUC_programmers,INTERNATIONAL ISLAMIC UNIVERSITY CHITTAGONG,1,58,7,,,"✓
1(58)",,3,,,
1335,Dark_Hunter,NORTHERN UNIVERSITY OF BUSINESS AND TECHNOLOGY KHULNA,0,0,7,,,3,,,,,
1336,JU_Emperor,JAHANGIRNAGAR UNIVERSITY,1,59,7,,,"✓
1(59)",,,5,,
1337,SEU_PCH,"SOUTHEAST UNIVERSITY, BANGLADESH",0,0,7,,,8,,3,,,
1338,Dev coders,STATE UNIVERSITY OF BANGLADESH,0,0,7,,,,,,,,
1339,BUBT_Meteors,BANGLADESH UNIVERSITY OF BUSINESS AND TECHNOLOGY,0,0,7,,,,,,,,
1340,IUBAT_Wrong_Answer,INTERNATIONAL UNIVERSITY OF BUSINESS AGRICULTURE AND TECHNOLOGY,1,60,7,,,"✓
2(60)",,,,,
1341,Nu_Coder24,"NATIONAL UNIVERSITY, BANGLADESH",0,0,7,,,,,,,,
1342,Al-Ansar Arrays,INTERNATIONAL ISLAMIC UNIVERSITY CHITTAGONG,0,0,7,,,6,,,,,
1343,IIUC_Ones_and_Zeroes,INTERNATIONAL ISLAMIC UNIVERSITY CHITTAGONG,1,61,7,,,"✓
1(61)",,1,4,,
1344,IUT_KAMcodeparena,ISLAMIC UNIVERSITY OF TECHNOLOGY,0,0,7,,,5,,6,5,,
1345,SEU_RuntimeError,"SOUTHEAST UNIVERSITY, BANGLADESH",1,61,7,,,"✓
2(61)",,,2,,
1346,TC_Nightfall,TEJGAON COLLEGE,0,0,7,,,11,,,,,
1347,BUBT_SST,BANGLADESH UNIVERSITY OF BUSINESS AND TECHNOLOGY,0,0,7,,,,,,,,
1348,EUB_Code_Crakers,EUROPEAN UNIVERSITY OF BANGLADESH,0,0,7,,,5,1,,1,,
1349,MBSTU_Depressed_Coder,MAWLANA BHASHANI SCIENCE AND TECHNOLOGY UNIVERSITY,0,0,7,,,,,,,,
1350,DIU_PointerPandas,DAFFODIL INTERNATIONAL UNIVERSITY,0,0,7,,,3,,1,,,
1351,VU_str,VARENDRA UNIVERSITY,0,0,7,1,,14,,2,1,,
1352,BUBT_Rubix,BANGLADESH UNIVERSITY OF BUSINESS AND TECHNOLOGY,1,66,7,,,"✓
2(66)",,6,,,
1353,DIU_CIS_TimeLimit,DAFFODIL INTERNATIONAL UNIVERSITY,0,0,7,,,2,,1,,,
1354,BIT-BYTE,BANGAMATA SHEIKH FOJILATUNNESA MUJIB SCIENCE AND TECHNOLOGY UNIVERSITY,0,0,7,,,2,,,,,
1355,IST_morosis,INSTITUTE OF SCIENCE AND TECHNOLOGY,0,0,7,,,1,,2,,,
1356,RMSTU_genesis,RANGAMATI SCIENCE & TECHNOLOGY UNIVERSITY,1,67,7,,,"✓
2(67)",,,3,,
1357,DIU - Codezilla,DAFFODIL INTERNATIONAL UNIVERSITY,0,0,7,,,,,,,,
1358,Team_ALFA,"ISLAMIC UNIVERSITY, BANGLADESH",0,0,7,,,5,,1,,,
1359,DIU_BUG_CREATORS,DAFFODIL INTERNATIONAL UNIVERSITY,1,69,7,,,"✓
2(69)",,2,,,
1360,BRACU_DP_PARI_NA,BRAC UNIVERSITY,0,0,7,,,,,,,,
1361,DIIT_Zootoxin,DAFFODIL INSTITUTE OF INFORMATION TECHNOLOGY,0,0,7,1,1,1,1,1,1,1,1
1362,BUBT_Freshers,BANGLADESH UNIVERSITY OF BUSINESS AND TECHNOLOGY,0,0,7,,,,,,,,
1363,BUBT_ZeroCoder,BANGLADESH UNIVERSITY OF BUSINESS AND TECHNOLOGY,0,0,7,,,,,,,,
1364,UU_CUBICS,UTTARA UNIVERSITY,0,0,7,,,6,,,,,
1365,SUB_Syntax Soldiers,SOUTHERN UNIVERSITY BANGLADESH,0,0,7,,,42,,,1,,
1366,DIU_NEON,DAFFODIL INTERNATIONAL UNIVERSITY,0,0,7,,,9,,,,,
1367,BU_Programmers,BANDARBAN UNIVERSITY,0,0,7,,,1,,,,,
1368,Diit_Algorithm_Avengers,DAFFODIL INSTITUTE OF INFORMATION TECHNOLOGY,0,0,7,,,1,,1,,,
1369,DIU_Binary_Bots,DAFFODIL INTERNATIONAL UNIVERSITY,0,0,7,,,5,,2,,,
1370,DIU_TEAM_TLE,DAFFODIL INTERNATIONAL UNIVERSITY,0,0,7,,,1,,,,,
1371,DIU_ZERO_ERROR,DAFFODIL INTERNATIONAL UNIVERSITY,0,0,7,,,4,,,,,
1372,BUBT_NightOwl,BANGLADESH UNIVERSITY OF BUSINESS AND TECHNOLOGY,0,0,7,,,2,,1,1,,
1373,DIU_Syncro,DAFFODIL INTERNATIONAL UNIVERSITY,1,75,7,1,,"✓
3(75)",,4,,,
1374,DIU_Fast Pirates,DAFFODIL INTERNATIONAL UNIVERSITY,0,0,7,1,,6,,,,1,1
1375,BUBT_Saiyans,BANGLADESH UNIVERSITY OF BUSINESS AND TECHNOLOGY,0,0,7,,,1,,,,,
1376,UITS_SmS_202,UNIVERSITY OF INFORMATION TECHNOLOGY & SCIENCES,0,0,7,,,3,,2,,,
1377,DIU_InfiniteLoopers,DAFFODIL INTERNATIONAL UNIVERSITY,1,79,7,,,"✓
3(79)",,2,,,
1378,DIU_ProCoders,DAFFODIL INTERNATIONAL UNIVERSITY,0,0,7,,,,,,,,
1379,EDU_404_NotFound,"EAST DELTA UNIVERSITY, CHITTAGONG",0,0,7,,,3,,,,,
1380,IUB_MISSION_9232,INDEPENDENT UNIVERSITY - BANGLADESH,1,79,7,,,"✓
2(79)",,5,,,
1381,Bubt_Ctrl_Freaks,BANGLADESH UNIVERSITY OF BUSINESS AND TECHNOLOGY,1,80,7,,,"✓
1(80)",,2,,,
1382,Missing_Semicolon,BANGLADESH UNIVERSITY OF PROFESSIONALS,1,80,7,,,"✓
2(80)",,,,,
1383,UIU_NoobCoders,UNITED INTERNATIONAL UNIVERSITY,0,0,7,,,,,,,,
1384,Habijabi,INTERNATIONAL ISLAMIC UNIVERSITY CHITTAGONG,0,0,7,,,5,1,1,,,
1385,DIU_The_Rookie_Crew,DAFFODIL INTERNATIONAL UNIVERSITY,0,0,7,,,2,,,,,
1386,BUBT_HOTASA,BANGLADESH UNIVERSITY OF BUSINESS AND TECHNOLOGY,0,0,7,1,,2,,,,,
1387,UAP_3_Squad,UNIVERSITY OF ASIA PACIFIC,0,0,7,,,2,,,,,
1388,DIU_MENtronix,DAFFODIL INTERNATIONAL UNIVERSITY,0,0,7,,,1,,,,,
1389,BSMRU_Infinite_Loop,"BANGABANDHU SHEIKH MUJIBUR RAHMAN UNIVERSITY, KISHOREGANJ",1,84,7,,,"✓
1(84)",,2,,,
1390,DIU_Error_Redemption,DAFFODIL INTERNATIONAL UNIVERSITY,0,0,7,,,,,,,,1
1391,BUBT_Array_of_Hope,BANGLADESH UNIVERSITY OF BUSINESS AND TECHNOLOGY,1,85,7,1,,"✓
1(85)",,,,,
1392,IIUC_Tomatoes,INTERNATIONAL ISLAMIC UNIVERSITY CHITTAGONG,0,0,7,,1,4,,2,2,,
1393,Preface,INTERNATIONAL ISLAMIC UNIVERSITY CHITTAGONG,0,0,7,2,,,,2,,,
1394,DIU_Zero_solve,DAFFODIL INTERNATIONAL UNIVERSITY,0,0,7,,,9,,,,,
1395,Bit Busters,INTERNATIONAL ISLAMIC UNIVERSITY CHITTAGONG,1,86,7,,,"✓
3(86)",,,,,
1396,EEE_XRP_ Hustlers_24,UNIVERSITY OF ASIA PACIFIC,0,0,7,,,2,,,,,
1397,BAUET_Idea_Chasers,BANGLADESH ARMY UNIVERSITY OF ENGINEERING & TECHNOLOGY,1,87,7,1,,"✓
2(87)",,4,2,,
1398,HEI_Goodluck,HEADWAY ENGINEERING INSTITUTE | SYLHET,1,87,7,,,"✓
1(87)",,,,,
1399,Code Trio,INTERNATIONAL ISLAMIC UNIVERSITY CHITTAGONG,0,0,7,,,1,,4,,,
1400,Abnormal Distribution,UNIVERSITY OF SCHOLARS,0,0,7,,,3,,5,1,,
1401,NSU_SyntaxSquad,NORTH SOUTH UNIVERSITY,0,0,8,,,1,,,1,,
1402,RPSU_TheSyntaxSeekers,R. P. SHAHA UNIVERSITY,0,0,8,,,,,,,,
1403,BUBT_Brainy_Bunch,BANGLADESH UNIVERSITY OF BUSINESS AND TECHNOLOGY,1,89,8,,,"✓
1(89)",3,1,2,,
1404,iiuc 3_IDIOTS,INTERNATIONAL ISLAMIC UNIVERSITY CHITTAGONG,0,0,8,2,,,,,,,
1405,IIUC_Free_Palestine,INTERNATIONAL ISLAMIC UNIVERSITY CHITTAGONG,1,89,8,,,"✓
4(89)",,,8,,
1406,MU_Quantum,METROPOLITAN UNIVERSITY,0,0,8,,,3,,2,,,
1407,DIU_CodeCrackers,DAFFODIL INTERNATIONAL UNIVERSITY,0,0,8,,,,,3,,,
1408,DIU_UnknownFighters,DHAKA INTERNATIONAL UNIVERSITY,0,0,8,,,,,3,,,
1409,RPSU_Caterpillars,R. P. SHAHA UNIVERSITY,0,0,8,,,1,,4,,,1
1410,UAP_Jini,UNIVERSITY OF ASIA PACIFIC,0,0,8,,,,,,,,
1411,DIU_BugsEverywhere,DAFFODIL INTERNATIONAL UNIVERSITY,0,0,8,,,1,,1,,,
1412,Coder Bhai,UNITED INTERNATIONAL UNIVERSITY,0,0,8,,,4,,,1,,
1413,UAP_Compiler_Crew,UNIVERSITY OF ASIA PACIFIC,0,0,8,,,,,2,,,
1414,EU_JNS_JOKERS,EASTERN UNIVERSITY OF BANGLADESH,0,0,8,,,6,,1,,,
1415,Code_Newbies,PRESIDENCY UNIVERSITY,0,0,8,,,,,2,,,
1416,IUBAT_codeATM,INTERNATIONAL UNIVERSITY OF BUSINESS AGRICULTURE AND TECHNOLOGY,1,93,8,,,"✓
2(93)",,5,,,
1417,TriZen,BANGLADESH UNIVERSITY OF PROFESSIONALS,0,0,8,,,,,,,,
1418,UAP_bottLERs,UNIVERSITY OF ASIA PACIFIC,0,0,8,,,3,,3,,,
1419,DIU_NoobCoders1,DAFFODIL INTERNATIONAL UNIVERSITY,1,95,8,,,"✓
4(95)",,8,,,
1420,EU_ByteBusters,EASTERN UNIVERSITY OF BANGLADESH,1,95,8,,,"✓
1(95)",,,,,
1421,NWU_CodeWarriors,"NORTH WESTERN UNIVERSITY, KHULNA",0,0,8,,,2,,,,,
1422,journeyToCode,NORTHERN UNIVERSITY BANGLADESH,0,0,8,,,8,,,,,
1423,DIU_Recursive_Minds,DAFFODIL INTERNATIONAL UNIVERSITY,1,96,8,,,"✓
2(96)",,4,,,
1424,EWU_TopHero,EAST WEST UNIVERSITY,1,96,8,,,"✓
2(96)",,2,,,
1425,SEU_Spinners,"SOUTHEAST UNIVERSITY, BANGLADESH",0,0,8,,,12,,,,,1
1426,SIU_Brain_Sparks,SYLHET INTERNATIONAL UNIVERSITY,0,0,8,,,1,,,,,
1427,AIUB_Newcomers,AMERICAN INTERNATIONAL UNIVERSITY - BANGLADESH,1,97,8,,,"✓
2(97)",,6,4,,
1428,MU_Dijkstras3,METROPOLITAN UNIVERSITY,0,0,8,,,1,,1,,,
1429,DIU_ERROR 404_BD,DAFFODIL INTERNATIONAL UNIVERSITY,0,0,8,,,2,,4,,,
1430,BAUST_JJT Coders,BANGLADESH ARMY UNIVERSITY OF SCIENCE & TECHNOLOGY,1,98,8,,,7,,,"✓
2(98)",,
1431,DIU_Stark Wagnerist 888,DAFFODIL INTERNATIONAL UNIVERSITY,0,0,8,,,2,,,,,
1432,DU_murubbies,UNIVERSITY OF DHAKA,1,99,8,,,"✓
4(99)",,,9,,
1433,Team Infinty,BANGLADESH ARMY UNIVERSITY OF SCIENCE & TECHNOLOGY,0,0,8,,,2,1,1,1,,
1434,EEE_BYTE_ME,UNIVERSITY OF ASIA PACIFIC,0,0,8,,,2,,,,,
1435,Outliers,DAFFODIL INTERNATIONAL UNIVERSITY,0,0,8,,,5,,,,,
1436,AIUB_Accelerator,AMERICAN INTERNATIONAL UNIVERSITY - BANGLADESH,1,101,8,,,"✓
3(101)",,3,6,,
1437,EEE_Leliker_Warriors,UNIVERSITY OF ASIA PACIFIC,0,0,8,,,3,,,,,
1438,TeAm_PaRaDoX,DAFFODIL INTERNATIONAL UNIVERSITY,0,0,8,,,12,,,6,,
1439,BUBT_knockout01,BANGLADESH UNIVERSITY OF BUSINESS AND TECHNOLOGY,0,0,8,,,,,,,,
1440,Phoenix,RANGAMATI SCIENCE & TECHNOLOGY UNIVERSITY,0,0,8,,,2,,,1,,
1441,EDU_INNOVxARO,"EAST DELTA UNIVERSITY, CHITTAGONG",0,0,8,,,2,,,,,
1442,BUBT_Goblet of fire,BANGLADESH UNIVERSITY OF BUSINESS AND TECHNOLOGY,0,0,8,,,2,,,,,
1443,EWU_3 Dimensions,EAST WEST UNIVERSITY,0,0,8,,,6,,6,,,
1444,KU_BruteForcers,KHULNA UNIVERSITY,1,106,8,,,"✓
4(106)",,,3,,
1445,BUBT_average_guys,BANGLADESH UNIVERSITY OF BUSINESS AND TECHNOLOGY,1,107,8,,,"✓
3(107)",,4,,,
1446,IIUC_Hackamole,INTERNATIONAL ISLAMIC UNIVERSITY CHITTAGONG,0,0,8,,,,1,,,1,1
1447,BAUSTian_Zero_Coders,BANGLADESH ARMY UNIVERSITY OF SCIENCE & TECHNOLOGY,0,0,8,,,2,,,,,1
1448,MU_Code_Busters,METROPOLITAN UNIVERSITY,1,108,8,3,1,"✓
1(108)",,,,,2
1449,EEE_Next Bit_40,UNIVERSITY OF ASIA PACIFIC,0,0,8,,,,,,,,
1450,SEU_T_SIGMA,"SOUTHEAST UNIVERSITY, BANGLADESH",1,109,8,,,"✓
3(109)",,13,,,
1451,NoobCoders,BANGLADESH ARMY UNIVERSITY OF SCIENCE & TECHNOLOGY,0,0,8,,,9,1,,,,
1452,IIUC_Baby_Code_Warriors,INTERNATIONAL ISLAMIC UNIVERSITY CHITTAGONG,0,0,8,,,5,,,,,
1453,BAUSTian_Decoders,BANGLADESH ARMY UNIVERSITY OF SCIENCE & TECHNOLOGY,0,0,8,,,6,,,,,
1454,ZHSUST_Army,Z. H. SIKDER UNIVERSITY OF SCIENCE AND TECHNOLOGY,1,111,8,,,"✓
3(111)",,,,,
1455,DIU_NuLLvoid,DAFFODIL INTERNATIONAL UNIVERSITY,0,0,8,,,6,,4,,,
1456,BUBT_Cebereon,BANGLADESH UNIVERSITY OF BUSINESS AND TECHNOLOGY,0,0,8,,,12,,6,1,,
1457,Runtime_Error,CHITTAGONG INDEPENDENT UNIVERSITY,1,112,8,,,"✓
2(112)",,12,,,
1458,NSU_SemiColonials,NORTH SOUTH UNIVERSITY,0,0,8,,,3,,1,4,,
1459,Temp User,TEMP USER,0,0,8,,,,,,,,
1460,BUBT_RAS,BANGLADESH UNIVERSITY OF BUSINESS AND TECHNOLOGY,0,0,8,,,,,,,,
1461,Black Dragon,INTERNATIONAL ISLAMIC UNIVERSITY CHITTAGONG,0,0,8,,,14,,4,,,
1462,BUBT_Victorians,BANGLADESH UNIVERSITY OF BUSINESS AND TECHNOLOGY,0,0,8,,,,3,,,,
1463,DIU Tech Trio,DAFFODIL INTERNATIONAL UNIVERSITY,0,0,8,,,,,,,,
1464,UAP_Enforces,UNIVERSITY OF ASIA PACIFIC,0,0,8,,,,,,1,,
1465,DIU_AdvanceCoders,DAFFODIL INTERNATIONAL UNIVERSITY,0,0,8,,,,,,,,
1466,ISTT_TrioASF,INSTITUTE OF SCIENCE TRADE AND TECHNOLOGY,0,0,8,,,,,,,,
1467,DIU_Code Newbies,DAFFODIL INTERNATIONAL UNIVERSITY,0,0,8,,,3,,,,,
1468,return0,METROPOLITAN UNIVERSITY,1,120,8,,,"✓
2(120)",,1,4,,
1469,DIU_Runtime Terrors 2.0,DAFFODIL INTERNATIONAL UNIVERSITY,0,0,8,,,,,,,,
1470,BUBT_CODER,BANGLADESH UNIVERSITY OF BUSINESS AND TECHNOLOGY,1,121,8,,,"✓
1(121)",,,,,
1471,IUT_Bottleneck,ISLAMIC UNIVERSITY OF TECHNOLOGY,0,0,8,,,3,,,1,,
1472,SIU_SPARKS,SYLHET INTERNATIONAL UNIVERSITY,0,0,8,,,,,4,,,
1473,IUBAT_D3AD_Girls,INTERNATIONAL UNIVERSITY OF BUSINESS AGRICULTURE AND TECHNOLOGY,0,0,8,,,,,,,,
1474,BUBT_Sigma_males,BANGLADESH UNIVERSITY OF BUSINESS AND TECHNOLOGY,0,0,8,,,2,,3,,,
1475,IUT_WompWomp,ISLAMIC UNIVERSITY OF TECHNOLOGY,0,0,8,,,3,,,3,,
1476,DIU_CODING PHOBIA,DAFFODIL INTERNATIONAL UNIVERSITY,0,0,8,,,4,,,,,
1477,NWU_Binary_Bandits,"NORTH WESTERN UNIVERSITY, KHULNA",0,0,8,,1,10,,,1,,
1478,DIU One Piece,DAFFODIL INTERNATIONAL UNIVERSITY,0,0,8,,,3,,,1,,
1479,EDU_The_Delulu_Coders,"EAST DELTA UNIVERSITY, CHITTAGONG",0,0,8,,,5,,,,,
1480,IUT_NoBrainers,ISLAMIC UNIVERSITY OF TECHNOLOGY,0,0,8,,,1,,5,,,
1481,DIU_Noobs,DAFFODIL INTERNATIONAL UNIVERSITY,0,0,8,,,8,,,,,
1482,EDU_cryptomaniacs,"EAST DELTA UNIVERSITY, CHITTAGONG",0,0,8,,,5,,,4,,
1483,eub-hunters,EUROPEAN UNIVERSITY OF BANGLADESH,0,0,8,,,5,1,2,2,,
1484,GUB_Collen_Coders,GERMAN UNIVERSITY BANGLADESH,0,0,8,1,,3,,2,,,
1485,DIU_Humorous,DAFFODIL INTERNATIONAL UNIVERSITY,0,0,8,,,4,,5,1,,
1486,primacy_Crew,METROPOLITAN UNIVERSITY,0,0,8,,,1,,,,,
1487,Byte Benders,STAMFORD UNIVERSITY BANGLADESH,0,0,8,,,11,,,,,
1488,DU_Flareblitz 5.0,UNIVERSITY OF DHAKA,1,129,8,1,,"✓
5(129)",1,8,5,,
1489,IU_binary_bosses,"ISLAMIC UNIVERSITY, BANGLADESH",1,132,8,,,"✓
4(132)",1,,10,,
1490,DIU_Codeleon,DAFFODIL INTERNATIONAL UNIVERSITY,1,133,8,,,"✓
3(133)",,7,,,
1491,CU_Alpha,UNIVERSITY OF CHITTAGONG,1,134,8,,,"✓
5(134)",,2,1,,
1492,UAP_Three_Error,UNIVERSITY OF ASIA PACIFIC,0,0,8,,,2,,,,,
1493,DIU_Perplexahedrons,DAFFODIL INTERNATIONAL UNIVERSITY,1,136,8,,,"✓
2(136)",,2,,,
1494,BUBT_MSI,BANGLADESH UNIVERSITY OF BUSINESS AND TECHNOLOGY,1,136,8,,,"✓
2(136)",,,2,,
1495,ALPHA_VIRUS,DAFFODIL INTERNATIONAL UNIVERSITY,1,137,8,1,,"✓
4(137)",,8,,,
1496,IUT_Uninitialized,ISLAMIC UNIVERSITY OF TECHNOLOGY,1,138,8,,,"✓
4(138)",4,5,6,,
1497,KU_CodeFlow,KHULNA UNIVERSITY,1,138,8,,,"✓
4(138)",,,,,
1498,UAP_AKA_Coders,UNIVERSITY OF ASIA PACIFIC,0,0,8,,,2,,,,,
1499,UAP_Brainstormers,UNIVERSITY OF ASIA PACIFIC,0,0,8,,,3,,1,,,
1500,Tria Praticus,UNIVERSITY OF BARISHAL,1,138,8,,,"✓
5(138)",,,2,,
1501,LoopHoles,BANGLADESH OPEN UNIVERSITY,1,139,8,,,"✓
3(139)",,,3,,
1502,EU_CodeNinjas,EASTERN UNIVERSITY OF BANGLADESH,0,0,8,,,11,,,,,
1503,Xenovators,KHWAJA YUNUS ALI UNIVERSITY,1,139,8,,,"✓
1(139)",,,1,,
1504,EEE_ALGOMATES,UNIVERSITY OF ASIA PACIFIC,0,0,8,,,1,,,,,
1505,BUBT_uglyuellows,BANGLADESH UNIVERSITY OF BUSINESS AND TECHNOLOGY,0,0,8,,,7,,,1,,1
1506,MU_The_Optimistic,METROPOLITAN UNIVERSITY,1,140,8,,,"✓
3(140)",,,,,
1507,UU_StandWithPalestine,UTTARA UNIVERSITY,0,0,8,,,6,,,,2,
1508,DIU_CSE64,DAFFODIL INTERNATIONAL UNIVERSITY,0,0,8,2,,14,,,,,
1509,BUBT_Code_Crusaders,BANGLADESH UNIVERSITY OF BUSINESS AND TECHNOLOGY,0,0,8,2,2,,,,,,1
1510,UAP_Mission_Impossible,UNIVERSITY OF ASIA PACIFIC,0,0,8,,,5,,3,,,
1511,Ctrl_C,CHITTAGONG INDEPENDENT UNIVERSITY,0,0,8,,,2,,2,,,
1512,EU_innovators,EASTERN UNIVERSITY OF BANGLADESH,0,0,8,,,,,,,,
1513,DIU_CodeWarriors,DAFFODIL INTERNATIONAL UNIVERSITY,0,0,8,,,1,,,,,
1514,AUB_PROGRAMMING_WARRIORS,ASIAN UNIVERSITY OF BANGLADESH,1,147,8,3,2,6,,4,"✓
1(147)",,
1515,Ewu_BlackCat,EAST WEST UNIVERSITY,0,0,8,,,,,,,,
1516,BUBT_Mavericks,BANGLADESH UNIVERSITY OF BUSINESS AND TECHNOLOGY,1,149,8,,,"✓
3(149)",,,1,,
1517,NSU_Newbies,NORTH SOUTH UNIVERSITY,1,152,8,,,"✓
2(152)",,,3,,
1518,BUBT_Stardust,BANGLADESH UNIVERSITY OF BUSINESS AND TECHNOLOGY,1,154,8,,,"✓
2(154)",,,2,,
1519,CityU_Horas,CITY UNIVERSITY,0,0,8,,,1,,,,,1
1520,DIU_BugFixers,DAFFODIL INTERNATIONAL UNIVERSITY,1,157,8,,,"✓
5(157)",,2,1,,
1521,BUBT_ShinigamiCoderz,BANGLADESH UNIVERSITY OF BUSINESS AND TECHNOLOGY,0,0,8,,,12,,,,,
1522,EWU_Deadline,EAST WEST UNIVERSITY,0,0,8,,,2,,,,,
1523,RPSU_SyntaxError,R. P. SHAHA UNIVERSITY,1,157,8,,,"✓
3(157)",,,,,
1524,EEE_Code_Trio,UNIVERSITY OF ASIA PACIFIC,0,0,8,,,,,,,,
1525,DIU_Xi phi coders,DAFFODIL INTERNATIONAL UNIVERSITY,1,159,8,,,"✓
4(159)",,1,,,
1526,DIIT_Rush_Coder,DAFFODIL INSTITUTE OF INFORMATION TECHNOLOGY,0,0,8,,1,1,,2,,,
1527,UAP_SAB_Trios,UNIVERSITY OF ASIA PACIFIC,0,0,8,,,,,,,,
1528,UGV_Team_Pioneer,UNIVERSITY OF GLOBAL VILLAGE,0,0,8,,,5,,,,,
1529,SBPGC_coder_knights,SHAIKH BURHANUDDIN POST GRADUATE COLLEGE,0,0,8,,,8,,8,,,
1530,Bubt_Msmsoft,BANGLADESH UNIVERSITY OF BUSINESS AND TECHNOLOGY,0,0,8,,,1,,,,,
1531,DIIT_Quantum_Learners,DAFFODIL INSTITUTE OF INFORMATION TECHNOLOGY,0,0,8,,,2,,,,,
1532,EWU_Kicchu Pari Na,EAST WEST UNIVERSITY,1,162,8,,,"✓
4(162)",,,,,
1533,404_Not_found,PABNA UNIVERSITY OF SCIENCE AND TECHNOLOGY,1,164,8,,,"✓
5(164)",,,,,
1534,SEU_Team_Deadlocks,"SOUTHEAST UNIVERSITY, BANGLADESH",1,165,8,,,"✓
4(165)",,3,,,
1535,DIU_bitcracker,DAFFODIL INTERNATIONAL UNIVERSITY,1,166,8,,,"✓
4(166)",,3,,,
1536,BUBT_Nexus_Squad,BANGLADESH UNIVERSITY OF BUSINESS AND TECHNOLOGY,0,0,8,,,10,,2,1,1,
1537,IIUC_PARADOX,INTERNATIONAL ISLAMIC UNIVERSITY CHITTAGONG,0,0,8,,,2,1,1,4,,1
1538,Team_Raindrops-IIUC,INTERNATIONAL ISLAMIC UNIVERSITY CHITTAGONG,1,170,8,,,"✓
3(170)",,,2,,
1539,EWU_Glitchers,EAST WEST UNIVERSITY,1,171,8,,,"✓
2(171)",,,,,
1540,DIU_CodeNewbies,DAFFODIL INTERNATIONAL UNIVERSITY,1,172,8,,,"✓
4(172)",,,,,
1541,BDU Neptune,"BANGABANDHU SHEIKH MUJIBUR RAHMAN DIGITAL UNIVERSITY,BANGLADESH",1,173,8,1,1,"✓
2(173)",,,2,,
1542,BUBT_Three_Coders,BANGLADESH UNIVERSITY OF BUSINESS AND TECHNOLOGY,1,173,8,,,"✓
4(173)",,,4,,
1543,BUBT_Zerofall,BANGLADESH UNIVERSITY OF BUSINESS AND TECHNOLOGY,0,0,8,,,4,,,,,
1544,EWU_IndexOutOfBounds,EAST WEST UNIVERSITY,1,173,8,,,"✓
4(173)",,,2,,
1545,SEU_DoubleTLE,"SOUTHEAST UNIVERSITY, BANGLADESH",1,175,8,,,"✓
6(175)",,5,,,
1546,AIUB_Ace,AMERICAN INTERNATIONAL UNIVERSITY - BANGLADESH,1,176,8,,,"✓
5(176)",,,2,,
1547,DIU_threewolves,DAFFODIL INTERNATIONAL UNIVERSITY,0,0,8,,,3,,2,,,
1548,SEU_return_0,"SOUTHEAST UNIVERSITY, BANGLADESH",1,177,8,1,,"✓
1(177)",,3,2,,1
1549,BGC_Solving_Avengers,BGC TRUST UNIVERSITY BANGLADESH,1,178,8,,,"✓
1(178)",,,,,
1550,Vector Static,INTERNATIONAL ISLAMIC UNIVERSITY CHITTAGONG,0,0,8,,,7,,4,1,,
1551,IIUC_RuntimeTerrors,INTERNATIONAL ISLAMIC UNIVERSITY CHITTAGONG,0,0,8,,,3,,1,,,
1552,DIU_Beta_Buddy,DHAKA INTERNATIONAL UNIVERSITY,0,0,8,,,3,,,,,
1553,IU_Codebot,"ISLAMIC UNIVERSITY, BANGLADESH",1,181,8,,,"✓
3(181)",,,,,
1554,Bubt_SiS_Gang,BANGLADESH UNIVERSITY OF BUSINESS AND TECHNOLOGY,0,0,8,,,3,,,,,
1555,JU_ll_noob,JAHANGIRNAGAR UNIVERSITY,1,183,8,,,"✓
5(183)",,,1,,
1556,PSTU_Whistler,PATUAKHALI SCIENCE AND TECHNOLOGY UNIVERSITY,0,0,8,,,6,,,,,
1557,DIU_Fresh Coders,DAFFODIL INTERNATIONAL UNIVERSITY,0,0,8,,,1,,,,,
1558,RPSU_Bits_And_Bytes,R. P. SHAHA UNIVERSITY,1,184,8,,,"✓
5(184)",,1,,,
1559,TC_tripleC,TEJGAON COLLEGE,0,0,8,,,,,1,,,
1560,BAIUST_Pookies,BANGLADESH ARMY INTERNATIONAL UNIVERSITY OF SCIENCE AND TECHNOLOGY,1,186,8,,,"✓
5(186)",,1,,,
1561,BUBT_compiler_wizards,BANGLADESH UNIVERSITY OF BUSINESS AND TECHNOLOGY,1,186,8,,,"✓
6(186)",,2,4,,
1562,GUB_BINARY_NINJAS,GREEN UNIVERSITY OF BANGLADESH,0,0,8,,,,,,,,
1563,DIU_hunters,DAFFODIL INTERNATIONAL UNIVERSITY,1,189,8,,,"✓
4(189)",,1,,,
1564,DIU_reverse_macro,DAFFODIL INTERNATIONAL UNIVERSITY,0,0,8,,,,,12,,,
1565,Late_man,MAWLANA BHASHANI SCIENCE AND TECHNOLOGY UNIVERSITY,1,190,8,,,"✓
6(190)",,,2,,
1566,BUET_404_Brain_not_found,BANGLADESH UNIVERSITY OF ENGINEERING AND TECHNOLOGY,0,0,8,,,2,,,,,
1567,PHYSICA,"GOVT. SHAHID SUHRAWARDY COLLEGE, DHAKA",0,0,8,,,,,,,,
1568,MU_SHOKAL,METROPOLITAN UNIVERSITY,1,192,8,,,"✓
5(192)",,,2,,
1569,BUBT_Exclusive,BANGLADESH UNIVERSITY OF BUSINESS AND TECHNOLOGY,1,194,8,,,"✓
2(194)",,,,,
1570,Team BitWise,JATIYA KABI KAZI NAZRUL ISLAM UNIVERSITY,1,194,8,,,"✓
4(194)",,,,,
1571,PUC_Metaverse,PREMIER UNIVERSITY CHITTAGONG,1,194,8,,,"✓
3(194)",,,,,
1572,Metro Matrix,METROPOLITAN UNIVERSITY,1,196,8,,,"✓
3(196)",,,2,,
1573,MIST_Ace,MILITARY INSTITUTE OF SCIENCE AND TECHNOLOGY,1,196,8,,,"✓
3(196)",,2,,,
1574,M Square S Coders,STATE UNIVERSITY OF BANGLADESH,0,0,8,,,3,,,,,
1575,BUBT_Noob,BANGLADESH UNIVERSITY OF BUSINESS AND TECHNOLOGY,0,0,8,,,,,,,,
1576,IIUC_Triad,INTERNATIONAL ISLAMIC UNIVERSITY CHITTAGONG,1,202,8,,8,"✓
5(202)",4,,4,,
1577,IUBAT_FROGGY_101,INTERNATIONAL UNIVERSITY OF BUSINESS AGRICULTURE AND TECHNOLOGY,1,202,8,,,"✓
4(202)",,4,1,,
1578,SEU_TeamIrony,"SOUTHEAST UNIVERSITY, BANGLADESH",1,202,8,,,"✓
2(202)",,,4,,
1579,iiuc-Runtime Terror,INTERNATIONAL ISLAMIC UNIVERSITY CHITTAGONG,1,204,8,,,"✓
2(204)",,2,,,
1580,IUT_BismillahCoders,ISLAMIC UNIVERSITY OF TECHNOLOGY,1,207,8,5,,"✓
3(207)",,2,,,
1581,Temp User,TEMP USER,0,0,8,,,,,,,,
1582,BUBT_booth,BANGLADESH UNIVERSITY OF BUSINESS AND TECHNOLOGY,1,211,8,,,"✓
1(211)",,,,,
1583,NDUB_Newbies,NOTRE DAME UNIVERSITY BANGLADESH,0,0,8,,,5,,,,,
1584,BUBT_Innovators2.0,BANGLADESH UNIVERSITY OF BUSINESS AND TECHNOLOGY,0,0,8,,,,,,,,
1585,Assassin's Creed,SHAHJALAL UNIVERSITY OF SCIENCE AND TECHNOLOGY,1,217,8,2,,"✓
5(217)",,1,9,,
1586,UAP_404 error,UNIVERSITY OF ASIA PACIFIC,0,0,8,,,1,,,,,
1587,DIU_VnDz,DAFFODIL INTERNATIONAL UNIVERSITY,1,227,8,,,"✓
4(227)",,1,,,
1588,DIIT_control_N,DAFFODIL INSTITUTE OF INFORMATION TECHNOLOGY,1,228,8,,,"✓
2(228)",,,2,,
1589,IUT_THUNDERBOLTS,ISLAMIC UNIVERSITY OF TECHNOLOGY,1,228,8,,,"✓
5(228)",,6,,,
1590,DIU_NOOB-PIRATES,DAFFODIL INTERNATIONAL UNIVERSITY,1,231,8,,,"✓
5(231)",,2,,,
1591,DIIT_Mission_Imposible,DAFFODIL INSTITUTE OF INFORMATION TECHNOLOGY,1,232,8,,,"✓
2(232)",,,,,
1592,IUT_Nakkhatra_23,ISLAMIC UNIVERSITY OF TECHNOLOGY,1,232,8,,,"✓
4(232)",,,12,,
1593,RPSU_AlgorithmAvengers,R. P. SHAHA UNIVERSITY,1,232,8,,,"✓
3(232)",,1,,,
1594,CUST_COMET,CENTRAL UNIVERSITY OF SCIENCE & TECHNOLOGY,1,236,8,,,"✓
1(236)",,,,,
1595,Bubt_fakibajcoders,BANGLADESH UNIVERSITY OF BUSINESS AND TECHNOLOGY,1,238,8,2,,"✓
1(238)",,2,,,
1596,IST_NowOrNever,INSTITUTE OF SCIENCE AND TECHNOLOGY,1,239,8,,,"✓
6(239)",,3,,,
1597,RPSU_Ants,R. P. SHAHA UNIVERSITY,1,242,8,,,"✓
8(242)",,5,,,
1598,DIU_Hat_Static,DAFFODIL INTERNATIONAL UNIVERSITY,0,0,8,,,4,,,,,
1599,BAUSTian Backlogers,BANGLADESH ARMY UNIVERSITY OF SCIENCE & TECHNOLOGY,1,245,8,,,"✓
5(245)",,,,,
1600,UAP_Tech_Hawk,UNIVERSITY OF ASIA PACIFIC,0,0,8,,,1,1,,1,,
1601,Bumbling Brainstormers,INTERNATIONAL ISLAMIC UNIVERSITY CHITTAGONG,1,256,9,,,13,"✓
2(256)",5,,,
1602,CodeStrikers,INTERNATIONAL ISLAMIC UNIVERSITY CHITTAGONG,0,0,9,,,8,,2,,,
1603,BUBT_Vengeance_Spark,BANGLADESH UNIVERSITY OF BUSINESS AND TECHNOLOGY,1,257,9,,,"✓
4(257)",,,1,,
1604,KU_INFINITY_INNOVATOR,KHULNA UNIVERSITY,1,258,9,,,"✓
3(258)",,,5,,
1605,DIIT_NlogN,DAFFODIL INSTITUTE OF INFORMATION TECHNOLOGY,1,263,9,,,"✓
5(263)",,3,,,
1606,DIU_Coding_Wizards,DAFFODIL INTERNATIONAL UNIVERSITY,1,265,9,,,"✓
7(265)",,,,,
1607,PrimeU_Coder,PRIME UNIVERSITY,1,265,9,,,"✓
8(265)",5,4,3,,
1608,BUBT_BrokenPipe,BANGLADESH UNIVERSITY OF BUSINESS AND TECHNOLOGY,1,266,9,,,"✓
6(266)",,,,,
1609,BUBT_free_coder,BANGLADESH UNIVERSITY OF BUSINESS AND TECHNOLOGY,1,267,9,3,,"✓
5(267)",,,,,
1610,EWU_Grim_Reaper,EAST WEST UNIVERSITY,1,272,9,,,"✓
7(272)",,,,,
1611,Nexus_Ninjas,BANGLADESH UNIVERSITY OF PROFESSIONALS,1,274,9,,,"✓
8(274)",,,1,,
1612,BUBT_Triangle,BANGLADESH UNIVERSITY OF BUSINESS AND TECHNOLOGY,1,277,9,,,"✓
5(277)",,1,,,
1613,BAUSTian_Geeks,BANGLADESH ARMY UNIVERSITY OF SCIENCE & TECHNOLOGY,0,0,9,,,7,,1,,,
1614,Bubt_SSR,BANGLADESH UNIVERSITY OF BUSINESS AND TECHNOLOGY,1,278,9,,,"✓
3(278)",,,1,,
1615,IIUC_Ghost,INTERNATIONAL ISLAMIC UNIVERSITY CHITTAGONG,1,281,9,,1,"✓
4(281)",,,1,,
1616,DIU_Syntax-Error,DAFFODIL INTERNATIONAL UNIVERSITY,1,282,9,,,"✓
4(282)",4,10,1,,4
1617,BSMRU_ProblemSolver,"BANGABANDHU SHEIKH MUJIBUR RAHMAN UNIVERSITY, KISHOREGANJ",1,283,9,2,,"✓
6(283)",,,,,
1618,SIU_Minus_Level_Fighters,SYLHET INTERNATIONAL UNIVERSITY,0,0,9,,,,,,,,
1619,NWU_Sigma,"NORTH WESTERN UNIVERSITY, KHULNA",1,292,9,,,"✓
4(292)",,,3,,
1620,BDU BLU-RAY,"BANGABANDHU SHEIKH MUJIBUR RAHMAN DIGITAL UNIVERSITY,BANGLADESH",1,302,9,,,"✓
8(302)",,,7,,
1621,BUBT_Charizard,BANGLADESH UNIVERSITY OF BUSINESS AND TECHNOLOGY,1,304,9,,,"✓
5(304)",,,11,,
1622,DIU_Potato Crackers,DAFFODIL INTERNATIONAL UNIVERSITY,1,305,9,,,"✓
9(305)",,,,,
1623,Bubt_ROBERS,BANGLADESH UNIVERSITY OF BUSINESS AND TECHNOLOGY,1,312,9,,,"✓
8(312)",,,1,,
1624,IUT_PHANTOM_OF_OPERA,ISLAMIC UNIVERSITY OF TECHNOLOGY,1,315,9,,,"✓
7(315)",,2,,,
1625,The_Boyz,INTERNATIONAL ISLAMIC UNIVERSITY CHITTAGONG,1,316,9,,,"✓
7(316)",,,1,,
1626,BGC_Root,BGC TRUST UNIVERSITY BANGLADESH,1,317,9,,,"✓
5(317)",,,,,
1627,SMUCT_BugSmasher,SHANTO-MARIAM UNIVERSITY OF CREATIVE TECHNOLOGY,1,324,9,,,"✓
9(324)",,2,3,,
1628,BUBT_The_Unstoppables,BANGLADESH UNIVERSITY OF BUSINESS AND TECHNOLOGY,1,330,9,1,,"✓
7(330)",,2,3,,
1629,AMS_SQUAD,INTERNATIONAL ISLAMIC UNIVERSITY CHITTAGONG,1,331,9,,,"✓
6(331)",,,1,,
1630,BUBT_Ashborn,BANGLADESH UNIVERSITY OF BUSINESS AND TECHNOLOGY,1,339,9,,,"✓
11(339)",,6,,,
1631,BUBT_Infinite_Loop,BANGLADESH UNIVERSITY OF BUSINESS AND TECHNOLOGY,1,342,9,,,"✓
9(342)",,,2,,
1632,DIU_ThreeHead,DHAKA INTERNATIONAL UNIVERSITY,1,342,9,,,"✓
9(342)",,,,,
1633,IUBAT_fx3Losers,INTERNATIONAL UNIVERSITY OF BUSINESS AGRICULTURE AND TECHNOLOGY,1,343,9,,,"✓
9(343)",,,1,,
1634,BUBT_BEGINNERS,BANGLADESH UNIVERSITY OF BUSINESS AND TECHNOLOGY,1,348,9,,,"✓
10(348)",,,1,,
1635,BUBT_Hustlers,BANGLADESH UNIVERSITY OF BUSINESS AND TECHNOLOGY,1,348,9,,,"✓
10(348)",,,,,
1636,Solution Seekers,UNIVERSITY OF GLOBAL VILLAGE,1,359,9,,,"✓
8(359)",,1,2,,
1637,Cuet_bugcrafters,CHITTAGONG UNIVERSITY OF ENGINEERING & TECHNOLOGY,1,364,9,,,"✓
10(364)",,,1,,
1638,BUBT_N4T0k_Kom_koro_pio,BANGLADESH UNIVERSITY OF BUSINESS AND TECHNOLOGY,1,365,9,,,"✓
8(365)",,,2,,
1639,BrainDead,BANGLADESH UNIVERSITY OF PROFESSIONALS,1,378,9,,,"✓
11(378)",,,,,
1640,DUET Debuggers,DHAKA UNIVERSITY OF ENGINEERING & TECHNOLOGY - GAZIPUR,1,386,9,,,"✓
12(386)",,,,,
1641,PSTU_Decimal,PATUAKHALI SCIENCE AND TECHNOLOGY UNIVERSITY,1,402,9,,,"✓
10(402)",,,1,,
1642,BUBT_Pursuit,BANGLADESH UNIVERSITY OF BUSINESS AND TECHNOLOGY,1,481,9,,,"✓
15(481)",,2,,,
1643,BUBT_NULL_POINT,BANGLADESH UNIVERSITY OF BUSINESS AND TECHNOLOGY,1,489,9,,,"✓
15(489)",,,,,
1644,Quantum_Coders_DUET,DHAKA UNIVERSITY OF ENGINEERING & TECHNOLOGY - GAZIPUR,1,494,9,,,"✓
15(494)",,4,,,
1645,C Code Compilers,DAFFODIL INTERNATIONAL UNIVERSITY,0,0,9,,,,,,,,
1646,CIS_Encoders,DAFFODIL INTERNATIONAL UNIVERSITY,0,0,9,1,,1,,,1,,
1647,CIS_Titan,DAFFODIL INTERNATIONAL UNIVERSITY,0,0,9,,,3,,,,,
1648,Code Voyagers,DAFFODIL INTERNATIONAL UNIVERSITY,0,0,9,,,6,,,,,2
1649,DIU Beginner 2,DAFFODIL INTERNATIONAL UNIVERSITY,0,0,9,,,,,,,,
1650,DIU CodeHunterz,DAFFODIL INTERNATIONAL UNIVERSITY,0,0,9,,,1,,1,,,
1651,DIU TPT,DAFFODIL INTERNATIONAL UNIVERSITY,0,0,9,1,1,1,,,1,,2
1652,DIU_ albatross,DAFFODIL INTERNATIONAL UNIVERSITY,0,0,9,,,,,,,,
1653,DIU_ CodeExplorer,DAFFODIL INTERNATIONAL UNIVERSITY,0,0,9,,,,,,,,
1654,DIU_ Dark Knight,DAFFODIL INTERNATIONAL UNIVERSITY,0,0,9,2,2,10,,,1,,2
1655,DIU_ M3coders,DAFFODIL INTERNATIONAL UNIVERSITY,0,0,9,,,,,,,,
1656,DIU_ Pookie's,DAFFODIL INTERNATIONAL UNIVERSITY,0,0,9,,,,,,,,
1657,DIU_3BYTES,DAFFODIL INTERNATIONAL UNIVERSITY,0,0,9,,,,,,,,
1658,DIU_3Noob,DAFFODIL INTERNATIONAL UNIVERSITY,0,0,9,,,,,,,,
1659,DIU_404 Brain Not Found,DAFFODIL INTERNATIONAL UNIVERSITY,0,0,9,,,1,,,,,1
1660,DIU_Algorithm_Avengers,DAFFODIL INTERNATIONAL UNIVERSITY,0,0,9,,,,,,,,
1661,DIU_ALPHA_MALE,DAFFODIL INTERNATIONAL UNIVERSITY,0,0,9,,,,,,,,
1662,DIU_ALPHA_MALEs,DAFFODIL INTERNATIONAL UNIVERSITY,0,0,9,,,,,,,,
1663,DIU_Amateur,DAFFODIL INTERNATIONAL UNIVERSITY,0,0,9,7,,1,,,2,,2
1664,DIU_AmraCodePariNah,DAFFODIL INTERNATIONAL UNIVERSITY,0,0,9,,,,,,,,
1665,DIU_Arythro,DAFFODIL INTERNATIONAL UNIVERSITY,0,0,9,,,,,,,,
1666,DIU_ASM,DAFFODIL INTERNATIONAL UNIVERSITY,0,0,9,,,7,,,,,
1667,DIU_Athenas,DAFFODIL INTERNATIONAL UNIVERSITY,0,0,9,,,,,,,,
1668,DIU_ATK,DAFFODIL INTERNATIONAL UNIVERSITY,0,0,9,,,,,,,,
1669,DIU_AURA,DAFFODIL INTERNATIONAL UNIVERSITY,0,0,9,,,,,,,,
1670,DIU_Avengers,DAFFODIL INTERNATIONAL UNIVERSITY,0,0,9,,,5,,,,,
1671,DIU_AZS Assemble,DAFFODIL INTERNATIONAL UNIVERSITY,0,0,9,,,3,,,,,
1672,DIU_AZS_Assemble,DAFFODIL INTERNATIONAL UNIVERSITY,0,0,9,,,,,,,,
1673,DIU_Beats,DAFFODIL INTERNATIONAL UNIVERSITY,0,0,9,,,9,,,,,
1674,DIU_Binary Brains,DAFFODIL INTERNATIONAL UNIVERSITY,0,0,9,,1,1,,,,2,
1675,DIU_BinaryBrains,DAFFODIL INTERNATIONAL UNIVERSITY,0,0,9,,,,,,,,
1676,DIU_BinWiz,DAFFODIL INTERNATIONAL UNIVERSITY,0,0,9,,,,,,,,
1677,DIU_Bit_Crackers,DAFFODIL INTERNATIONAL UNIVERSITY,0,0,9,,,,,,,,
1678,DIU_Bit_Crackerss,DAFFODIL INTERNATIONAL UNIVERSITY,0,0,9,,,,,,,,
1679,DIU_Black Diamond,DAFFODIL INTERNATIONAL UNIVERSITY,0,0,9,,,,,,,,
1680,DIU_BOOOM,DAFFODIL INTERNATIONAL UNIVERSITY,0,0,9,,,,,2,,,
1681,DIU_BoringRats,DAFFODIL INTERNATIONAL UNIVERSITY,0,0,9,1,,7,1,3,3,,
1682,DIU_Bot,DAFFODIL INTERNATIONAL UNIVERSITY,0,0,9,,,,,,,,
1683,DIU_BOYSSS,DAFFODIL INTERNATIONAL UNIVERSITY,0,0,9,,,1,,1,,,
1684,DIU_Bug Blasters,DAFFODIL INTERNATIONAL UNIVERSITY,0,0,9,,,,,,,,
1685,DIU_Bug Blasterss,DAFFODIL INTERNATIONAL UNIVERSITY,0,0,9,,,,,,,,
1686,DIU_Byte Capsule,DAFFODIL INTERNATIONAL UNIVERSITY,0,0,9,,,,,,,,
1687,DIU_ByteSized Trio,DAFFODIL INTERNATIONAL UNIVERSITY,0,0,9,,,,,,,,
1688,DIU_C3,DAFFODIL INTERNATIONAL UNIVERSITY,0,0,9,,,2,,,,,
1689,DIU_CAR_Crux_Creckers,DAFFODIL INTERNATIONAL UNIVERSITY,0,0,9,,,,,,,,
1690,DIU_CE1,DAFFODIL INTERNATIONAL UNIVERSITY,0,0,9,,,,,,,,
1691,DIU_CE2,DAFFODIL INTERNATIONAL UNIVERSITY,0,0,9,,,,,,,,
1692,DIU_CE3,DAFFODIL INTERNATIONAL UNIVERSITY,0,0,9,,,,,,,,
1693,DIU_CIS_SynTax_SorcErers,DAFFODIL INTERNATIONAL UNIVERSITY,0,0,9,,,1,,,,,
1694,DIU_Cloud7,DAFFODIL INTERNATIONAL UNIVERSITY,0,0,9,,,,,,,,
1695,DIU_Cobra_Tech,DAFFODIL INTERNATIONAL UNIVERSITY,0,0,9,,,,,,,,
1696,DIU_Cod3x,DAFFODIL INTERNATIONAL UNIVERSITY,0,0,9,,,5,,2,,,
1697,DIU_Codanji,DAFFODIL INTERNATIONAL UNIVERSITY,0,0,9,,,7,1,,2,,1
1698,DIU_CODE CRAFTS,DAFFODIL INTERNATIONAL UNIVERSITY,0,0,9,,,,,,,,
1699,DIU_Code Ninja,DAFFODIL INTERNATIONAL UNIVERSITY,0,0,9,,,3,,1,,,
1700,DIU_Code_Breakers,DAFFODIL INTERNATIONAL UNIVERSITY,0,0,9,,,1,,4,,,
1701,DIU_Code_Geassers,DAFFODIL INTERNATIONAL UNIVERSITY,0,0,9,,2,8,4,4,6,1,
1702,DIU_CodeCatalysts,DAFFODIL INTERNATIONAL UNIVERSITY,0,0,9,,,2,,3,,,
1703,DIU_CodeExplorer,DAFFODIL INTERNATIONAL UNIVERSITY,0,0,9,,,,,,,,
1704,DIU_CodeHunterz,DAFFODIL INTERNATIONAL UNIVERSITY,0,0,9,,,,,,,,
1705,DIU_ConnectedDots,DAFFODIL INTERNATIONAL UNIVERSITY,0,0,9,,,,,,1,,
1706,DIU_CtrlAlt,DAFFODIL INTERNATIONAL UNIVERSITY,0,0,9,,,5,,11,,,
1707,DIU_DEBUG_DYNAMO,DAFFODIL INTERNATIONAL UNIVERSITY,0,0,9,,,,,,,,
1708,DIU_Debuggers,DAFFODIL INTERNATIONAL UNIVERSITY,0,0,9,,,8,,,,,
1709,DIU_DEDSEC,DAFFODIL INTERNATIONAL UNIVERSITY,0,0,9,,,,,,,,
1710,DIU_Diablos,DAFFODIL INTERNATIONAL UNIVERSITY,0,0,9,,,,,,,,
1711,DIU_DJT,DAFFODIL INTERNATIONAL UNIVERSITY,0,0,9,,,,,,,,
1712,DIU_ELITE_DRAGONS,DAFFODIL INTERNATIONAL UNIVERSITY,0,0,9,,,1,,,,,
1713,DIU_Error,DAFFODIL INTERNATIONAL UNIVERSITY,0,0,9,,,,,,,,
1714,DIU_Error404,DAFFODIL INTERNATIONAL UNIVERSITY,0,0,9,,,3,,,,,
1715,DiU_Falcon$,DAFFODIL INTERNATIONAL UNIVERSITY,0,0,9,,,,,,,,
1716,DIU_Fav-Five,DAFFODIL INTERNATIONAL UNIVERSITY,0,0,9,,,,,,,,
1717,DIU_FREE_THINKERS,DAFFODIL INTERNATIONAL UNIVERSITY,0,0,9,,,1,1,,,,
1718,DIU_FrostByte,DAFFODIL INTERNATIONAL UNIVERSITY,0,0,9,,,,,,,,
1719,DIU_Heuristic,DAFFODIL INTERNATIONAL UNIVERSITY,0,0,9,,,,,,,,
1720,DIU_HTS,DAFFODIL INTERNATIONAL UNIVERSITY,0,0,9,,,,,,,,
1721,DIU_Hungry,DAFFODIL INTERNATIONAL UNIVERSITY,0,0,9,,,,,,,,
1722,DIU_Infinite Loopers,DAFFODIL INTERNATIONAL UNIVERSITY,0,0,9,,,5,,1,1,,
1723,DIU_InnovateX,DAFFODIL INTERNATIONAL UNIVERSITY,0,0,9,,1,2,1,2,,,2
1724,DIU_Innovators,DAFFODIL INTERNATIONAL UNIVERSITY,0,0,9,,,,,,,,
1725,DIU_L's Logic Breakers,DAFFODIL INTERNATIONAL UNIVERSITY,0,0,9,,,,,,,,
1726,DIU_Lavander,DAFFODIL INTERNATIONAL UNIVERSITY,0,0,9,,,3,,,,,
1727,DIU_Logic Legion,DAFFODIL INTERNATIONAL UNIVERSITY,0,0,9,,,6,,,,,
1728,DIU_Loop Infinity,DAFFODIL INTERNATIONAL UNIVERSITY,0,0,9,,,,,,,,
1729,DIU_Lopin,DAFFODIL INTERNATIONAL UNIVERSITY,0,0,9,,,4,,,,,
1730,DIU_losers,DAFFODIL INTERNATIONAL UNIVERSITY,0,0,9,,,,,,,,
1731,DIU_Lost in a loop,DAFFODIL INTERNATIONAL UNIVERSITY,0,0,9,,,,,,,,
1732,DIU_LowLevelCoders,DAFFODIL INTERNATIONAL UNIVERSITY,0,0,9,,,5,,1,,,
1733,DIU_Maverics,DAFFODIL INTERNATIONAL UNIVERSITY,0,0,9,,1,,,4,,,
1734,DIU_Minions,DAFFODIL INTERNATIONAL UNIVERSITY,0,0,9,,,3,,,,,
1735,DIU_Muskeeters,DAFFODIL INTERNATIONAL UNIVERSITY,0,0,9,,,,,,,,
1736,DIU_Neon,DAFFODIL INTERNATIONAL UNIVERSITY,0,0,9,,,,,,,,
1737,DIU_Newbies,DAFFODIL INTERNATIONAL UNIVERSITY,0,0,9,,,11,,1,,,
1738,DIU_NEXUS,DAFFODIL INTERNATIONAL UNIVERSITY,0,0,9,,,11,,,,,
1739,DIU_NOBODY,DAFFODIL INTERNATIONAL UNIVERSITY,0,0,9,,,,,,,,
1740,DIU_NOO3S,DAFFODIL INTERNATIONAL UNIVERSITY,0,0,9,,,,,,,,
1741,DIU_noob,DAFFODIL INTERNATIONAL UNIVERSITY,0,0,9,,,2,,,1,,
1742,DIU_Null Pointers,DAFFODIL INTERNATIONAL UNIVERSITY,0,0,9,,,,,,,,
1743,DIU_NULLBYTE,DAFFODIL INTERNATIONAL UNIVERSITY,0,0,9,,,,,,,,
1744,DIU_One_Piece,DAFFODIL INTERNATIONAL UNIVERSITY,0,0,9,,,,,,,,
1745,DIU_One_Piece_1.2,DAFFODIL INTERNATIONAL UNIVERSITY,0,0,9,,,,,,,,
1746,DIU_Optimal Codex,DAFFODIL INTERNATIONAL UNIVERSITY,0,0,9,,,,,,,,
1747,DIU_Phantom_Overflow,DAFFODIL INTERNATIONAL UNIVERSITY,0,0,9,,,1,,,,,
1748,DIU_Photonix,DAFFODIL INTERNATIONAL UNIVERSITY,0,0,9,,,5,,,,,
1749,DIU_Pie,DAFFODIL INTERNATIONAL UNIVERSITY,0,0,9,,,1,,,,,
1750,DIU_Pookie's,DAFFODIL INTERNATIONAL UNIVERSITY,0,0,9,,,,,,,,
1751,DIU_PSYCODER,DAFFODIL INTERNATIONAL UNIVERSITY,0,0,9,,,,,,,,
1752,DIU_Purplehand,DAFFODIL INTERNATIONAL UNIVERSITY,0,0,9,,,,,,,,
1753,DIU_purplehand,DAFFODIL INTERNATIONAL UNIVERSITY,0,0,9,,,,,,,,
1754,DIU_Quantum Coders,DAFFODIL INTERNATIONAL UNIVERSITY,0,0,9,,,,,,,,
1755,DIU_Quantum_Coders,DAFFODIL INTERNATIONAL UNIVERSITY,0,0,9,,,,,,,,
1756,DIU_Reblac_Breaker,DAFFODIL INTERNATIONAL UNIVERSITY,0,0,9,,,,,,,,
1757,DIU_Runtime_Terror,DAFFODIL INTERNATIONAL UNIVERSITY,0,0,9,,,,,,,,
1758,DIU_RusticPassion,DAFFODIL INTERNATIONAL UNIVERSITY,0,0,9,,,5,,,,,
1759,DIU_Scratch_to_Infinity,DAFFODIL INTERNATIONAL UNIVERSITY,0,0,9,,,3,,,,,
1760,DIU_Shanks,DAFFODIL INTERNATIONAL UNIVERSITY,0,0,9,1,1,13,1,1,1,1,1
1761,DIU_Sherlocked,DAFFODIL INTERNATIONAL UNIVERSITY,0,0,9,,,2,,,,,
1762,DIU_SnowBird,DAFFODIL INTERNATIONAL UNIVERSITY,0,0,9,1,,,,,,,1
1763,DIU_SNOWDEN,DAFFODIL INTERNATIONAL UNIVERSITY,0,0,9,,,,,,,,
1764,DIU_SOP G,DAFFODIL INTERNATIONAL UNIVERSITY,0,0,9,,,,,,,,
1765,DIU_SpiderLily,DAFFODIL INTERNATIONAL UNIVERSITY,0,0,9,,,,,,,,
1766,DIU_STRANGERS,DAFFODIL INTERNATIONAL UNIVERSITY,0,0,9,,,,,10,,,
1767,DIU_SyncX,DAFFODIL INTERNATIONAL UNIVERSITY,0,0,9,,,,,1,,,
1768,DIU_Syntax Sorcerers,DAFFODIL INTERNATIONAL UNIVERSITY,0,0,9,,,,,,,,3
1769,DIU_SynTax_Sorcerers,DAFFODIL INTERNATIONAL UNIVERSITY,0,0,9,,,,,,,,
1770,DIU_Syntax_Squad,DAFFODIL INTERNATIONAL UNIVERSITY,0,0,9,,,,,,,,
1771,DIU_SyntaxError,DAFFODIL INTERNATIONAL UNIVERSITY,0,0,9,,,8,,,,,
1772,DIU_SyntaxError_1,DAFFODIL INTERNATIONAL UNIVERSITY,0,0,9,,,3,,,,,
1773,DIU_Team_Omega,DAFFODIL INTERNATIONAL UNIVERSITY,0,0,9,,,,,,,,
1774,DIU_Teamphython,DAFFODIL INTERNATIONAL UNIVERSITY,0,0,9,,,,,,,,
1775,DIU_Teamphythons,DAFFODIL INTERNATIONAL UNIVERSITY,0,0,9,,,,,,,,
1776,DIU_TechGirls,DAFFODIL INTERNATIONAL UNIVERSITY,0,0,9,,,,,,,,
1777,DIU_Terror,DAFFODIL INTERNATIONAL UNIVERSITY,0,0,9,,,3,,,,,
1778,DIU_The Codebreakers,DAFFODIL INTERNATIONAL UNIVERSITY,0,0,9,,,1,,,,,
1779,DIU_The Exceptions,DAFFODIL INTERNATIONAL UNIVERSITY,0,0,9,,,,,,,,
1780,DIU_THE INFINITE LOOP,DAFFODIL INTERNATIONAL UNIVERSITY,0,0,9,,,,,3,,,
1781,DIU_The_Rookie,DAFFODIL INTERNATIONAL UNIVERSITY,0,0,9,1,2,1,,1,,1,1
1782,DIU_TheOptimizers,DAFFODIL INTERNATIONAL UNIVERSITY,0,0,9,1,,1,1,,,,
1783,DIU_TheOwl's,DAFFODIL INTERNATIONAL UNIVERSITY,0,0,9,1,1,16,2,17,4,,
1784,DIU_ThreeAmigos,DAFFODIL INTERNATIONAL UNIVERSITY,0,0,9,,,,,,,,
1785,DIU_threeWayDeadlock,DAFFODIL INTERNATIONAL UNIVERSITY,0,0,9,,,6,,,,,
1786,DIU_TPT,DAFFODIL INTERNATIONAL UNIVERSITY,0,0,9,,,,,,,,
1787,DIU_TriCoders,DAFFODIL INTERNATIONAL UNIVERSITY,0,0,9,,,,,,,,
1788,DIU_Triple_Bliss,DAFFODIL INTERNATIONAL UNIVERSITY,0,0,9,,,,,,,,
1789,DIU_ukazaki,DAFFODIL INTERNATIONAL UNIVERSITY,0,0,9,,,,,,,,
1790,DIU_Unknown_RTA,DAFFODIL INTERNATIONAL UNIVERSITY,0,0,9,,,,,,,,
1791,DIU_Untitled,DAFFODIL INTERNATIONAL UNIVERSITY,0,0,9,,,,,,,,
1792,DIU_Warrior,DAFFODIL INTERNATIONAL UNIVERSITY,0,0,9,,,,,,,,
1793,DIU_WeAre3,DAFFODIL INTERNATIONAL UNIVERSITY,0,0,9,,,5,,,,,1
1794,DIU_ZerOne_Crackers,DAFFODIL INTERNATIONAL UNIVERSITY,0,0,9,,,1,,,,,
1795,DIU_zerOne_crackers,DAFFODIL INTERNATIONAL UNIVERSITY,0,0,9,,,1,,,,,
1796,DIU-Error404,DAFFODIL INTERNATIONAL UNIVERSITY,0,0,9,,,,,,,,
1797,Fire Dragons,DAFFODIL INTERNATIONAL UNIVERSITY,0,0,9,,,,,,,,
1798,Recursive_Runners,DAFFODIL INTERNATIONAL UNIVERSITY,0,0,9,,,,,,,,
1799,Team Bones,DAFFODIL INTERNATIONAL UNIVERSITY,0,0,9,1,,4,,1,,1,1
1800,The_Maverics,DAFFODIL INTERNATIONAL UNIVERSITY,0,0,9,,,,,,,,
1801,Young_coders,DAFFODIL INTERNATIONAL UNIVERSITY,0,0,10,,,5,,,,,
1802,AUB_FAST_CODERS69,ASIAN UNIVERSITY OF BANGLADESH,0,0,10,2,,,,,1,1,
1803,AUB_LazyCoders,ASIAN UNIVERSITY OF BANGLADESH,0,0,10,,,6,1,1,5,,2
1804,BSMRU_CodePirates,"BANGABANDHU SHEIKH MUJIBUR RAHMAN UNIVERSITY, KISHOREGANJ",0,0,10,,,3,,,,,
1805,BSMRU_PaglaGhora,"BANGABANDHU SHEIKH MUJIBUR RAHMAN UNIVERSITY, KISHOREGANJ",0,0,10,,,4,,1,,,
1806,BSMRU_Stay_Tuned,"BANGABANDHU SHEIKH MUJIBUR RAHMAN UNIVERSITY, KISHOREGANJ",0,0,10,,,,,,,,
1807,BAUET_CRACK_HUNTER,BANGLADESH ARMY UNIVERSITY OF ENGINEERING & TECHNOLOGY,0,0,10,1,,1,,,,,
1808,BAUET_NotANpc,BANGLADESH ARMY UNIVERSITY OF ENGINEERING & TECHNOLOGY,0,0,10,,,,,,,,
1809,Baust syntax error,BANGLADESH ARMY UNIVERSITY OF SCIENCE & TECHNOLOGY,0,0,10,,,,,,,,
1810,Baust_19_crackers,BANGLADESH ARMY UNIVERSITY OF SCIENCE & TECHNOLOGY,0,0,10,,,,,,,,
1811,BAUSTian_ALGOTITANS,BANGLADESH ARMY UNIVERSITY OF SCIENCE & TECHNOLOGY,0,0,10,,,,,,,,
1812,BAUSTian_BitOps,BANGLADESH ARMY UNIVERSITY OF SCIENCE & TECHNOLOGY,0,0,10,,,14,,1,,,
1813,BAUSTian_Bot's,BANGLADESH ARMY UNIVERSITY OF SCIENCE & TECHNOLOGY,0,0,10,,,,,,,,
1814,BAUSTian_ByteWorriors,BANGLADESH ARMY UNIVERSITY OF SCIENCE & TECHNOLOGY,0,0,10,,,,,,,,
1815,BAUSTian_Cloud Coders,BANGLADESH ARMY UNIVERSITY OF SCIENCE & TECHNOLOGY,0,0,10,,,6,,,3,,
1816,BAUSTian_GreenHorns,BANGLADESH ARMY UNIVERSITY OF SCIENCE & TECHNOLOGY,0,0,10,,,,,,,,
1817,BAUSTian_Innovators,BANGLADESH ARMY UNIVERSITY OF SCIENCE & TECHNOLOGY,0,0,10,,,,,,1,,
1818,Baustian_iterators,BANGLADESH ARMY UNIVERSITY OF SCIENCE & TECHNOLOGY,0,0,10,1,,1,,,1,,
1819,Baustian_Mavericks,BANGLADESH ARMY UNIVERSITY OF SCIENCE & TECHNOLOGY,0,0,10,,,,,,,,
1820,BAUSTian_RoboGirls,BANGLADESH ARMY UNIVERSITY OF SCIENCE & TECHNOLOGY,0,0,10,,,,,,,,
1821,BAUSTian_Runtime_Rebels,BANGLADESH ARMY UNIVERSITY OF SCIENCE & TECHNOLOGY,0,0,10,,,,,,,,
1822,BAUSTian_X_1_OAISS,BANGLADESH ARMY UNIVERSITY OF SCIENCE & TECHNOLOGY,0,0,10,1,1,1,1,1,,,1
1823,BAUSTian_Zade,BANGLADESH ARMY UNIVERSITY OF SCIENCE & TECHNOLOGY,0,0,10,,,,,,,,
1824,BU_Binary_Brains,BANGLADESH UNIVERSITY,0,0,10,,,,,,,,
1825,BU_Brack_Coders,BANGLADESH UNIVERSITY,0,0,10,1,1,1,,1,,,
1826,BU_Creator,BANGLADESH UNIVERSITY,0,0,10,1,1,1,,1,,,1
1827,BUBT_ Astronaut,BANGLADESH UNIVERSITY OF BUSINESS AND TECHNOLOGY,0,0,10,,,,,,,,
1828,BUBT_ Dark_world,BANGLADESH UNIVERSITY OF BUSINESS AND TECHNOLOGY,0,0,10,,,,,,,,
1829,BUBT_ Holy e.coder,BANGLADESH UNIVERSITY OF BUSINESS AND TECHNOLOGY,0,0,10,,,,,,,,
1830,BUBT_ Monsters,BANGLADESH UNIVERSITY OF BUSINESS AND TECHNOLOGY,0,0,10,,,,,,,,
1831,BUBT_!_AM_JERUSALEM,BANGLADESH UNIVERSITY OF BUSINESS AND TECHNOLOGY,0,0,10,,,9,,2,,,
1832,Bubt_0503,BANGLADESH UNIVERSITY OF BUSINESS AND TECHNOLOGY,0,0,10,,,,,,,,
1833,BUBT_101,BANGLADESH UNIVERSITY OF BUSINESS AND TECHNOLOGY,0,0,10,,,,,,,,
1834,BUBT_303,BANGLADESH UNIVERSITY OF BUSINESS AND TECHNOLOGY,0,0,10,,,,,,,,
1835,BUBT_36_JULY,BANGLADESH UNIVERSITY OF BUSINESS AND TECHNOLOGY,0,0,10,1,,,,,,,
1836,BUBT_360DEGREE,BANGLADESH UNIVERSITY OF BUSINESS AND TECHNOLOGY,0,0,10,,,,,,,,
1837,BUBT_3BrainCells,BANGLADESH UNIVERSITY OF BUSINESS AND TECHNOLOGY,0,0,10,,,2,,,,,
1838,Bubt_3coders,BANGLADESH UNIVERSITY OF BUSINESS AND TECHNOLOGY,0,0,10,,,,,,,,
1839,BUBT_3MericalVibes,BANGLADESH UNIVERSITY OF BUSINESS AND TECHNOLOGY,0,0,10,,,,,,,,
1840,BUBT_404,BANGLADESH UNIVERSITY OF BUSINESS AND TECHNOLOGY,0,0,10,,,5,,,,,
1841,Bubt_404_Error,BANGLADESH UNIVERSITY OF BUSINESS AND TECHNOLOGY,0,0,10,,,,,,1,,
1842,BUBT_420 JAMBURA,BANGLADESH UNIVERSITY OF BUSINESS AND TECHNOLOGY,0,0,10,,,,,,,,
1843,BUBT_A^3,BANGLADESH UNIVERSITY OF BUSINESS AND TECHNOLOGY,0,0,10,,,,,,,,
1844,BUBT_ABS 51,BANGLADESH UNIVERSITY OF BUSINESS AND TECHNOLOGY,0,0,10,,,,,,,,
1845,BUBT_ACKERMAN,BANGLADESH UNIVERSITY OF BUSINESS AND TECHNOLOGY,0,0,10,,,,,,,,
1846,BUBT_Activate Windows,BANGLADESH UNIVERSITY OF BUSINESS AND TECHNOLOGY,0,0,10,,,3,,,,,
1847,Bubt_Advance,BANGLADESH UNIVERSITY OF BUSINESS AND TECHNOLOGY,0,0,10,,,,,,,,
1848,BUBT_afs,BANGLADESH UNIVERSITY OF BUSINESS AND TECHNOLOGY,0,0,10,,,1,1,,,,
1849,BUBT_Akatsuki,BANGLADESH UNIVERSITY OF BUSINESS AND TECHNOLOGY,0,0,10,1,2,1,1,1,1,,1
1850,BUBT_Alglory,BANGLADESH UNIVERSITY OF BUSINESS AND TECHNOLOGY,0,0,10,,,7,,,,,
1851,BUBT_Algo,BANGLADESH UNIVERSITY OF BUSINESS AND TECHNOLOGY,0,0,10,,,,,,,,
1852,BUBT_Algorithm,BANGLADESH UNIVERSITY OF BUSINESS AND TECHNOLOGY,0,0,10,,,,,,,,
1853,BUBT_Alpha,BANGLADESH UNIVERSITY OF BUSINESS AND TECHNOLOGY,0,0,10,,,,,,,,
1854,BUBT_ALPHA CODER,BANGLADESH UNIVERSITY OF BUSINESS AND TECHNOLOGY,0,0,10,,,,,,,,
1855,BUBT_Altrons,BANGLADESH UNIVERSITY OF BUSINESS AND TECHNOLOGY,0,0,10,,,,,,,,
1856,BUBT_Amra asolei kisu pari na,BANGLADESH UNIVERSITY OF BUSINESS AND TECHNOLOGY,0,0,10,,,,,,,,
1857,BUBT_AntiSocialBUBT_AntiSocial,BANGLADESH UNIVERSITY OF BUSINESS AND TECHNOLOGY,0,0,10,,,,,,,,
1858,BUBT_Aorus,BANGLADESH UNIVERSITY OF BUSINESS AND TECHNOLOGY,0,0,10,,,3,,,,,
1859,BUBT_Arefa,BANGLADESH UNIVERSITY OF BUSINESS AND TECHNOLOGY,0,0,10,,,10,1,,1,,
1860,BUBT_Artemis,BANGLADESH UNIVERSITY OF BUSINESS AND TECHNOLOGY,0,0,10,,,1,,,,,
1861,Bubt_ASR,BANGLADESH UNIVERSITY OF BUSINESS AND TECHNOLOGY,0,0,10,,,,,,,,
1862,BUBT_Atlantis,BANGLADESH UNIVERSITY OF BUSINESS AND TECHNOLOGY,0,0,10,,,,,2,,,
1863,BUBT_Atomics,BANGLADESH UNIVERSITY OF BUSINESS AND TECHNOLOGY,0,0,10,,,,,,,,
1864,BUBT_ATONKOGANG,BANGLADESH UNIVERSITY OF BUSINESS AND TECHNOLOGY,0,0,10,3,,2,,,,,
1865,Bubt_Avengers,BANGLADESH UNIVERSITY OF BUSINESS AND TECHNOLOGY,0,0,10,,,,,,,,
1866,BUBT_BIGBRAINS,BANGLADESH UNIVERSITY OF BUSINESS AND TECHNOLOGY,0,0,10,,,,,,,,
1867,BUBT_Binary,BANGLADESH UNIVERSITY OF BUSINESS AND TECHNOLOGY,0,0,10,2,,15,,1,1,,1
1868,BUBT_Binary_ boosters,BANGLADESH UNIVERSITY OF BUSINESS AND TECHNOLOGY,0,0,10,,,,,,,,
1869,BUBT_Binary_Crew,BANGLADESH UNIVERSITY OF BUSINESS AND TECHNOLOGY,0,0,10,,,3,1,1,1,,1
1870,BUBT_Birds_365,BANGLADESH UNIVERSITY OF BUSINESS AND TECHNOLOGY,0,0,10,1,1,1,1,1,,1,1
1871,BUBT_Bit_Lords,BANGLADESH UNIVERSITY OF BUSINESS AND TECHNOLOGY,0,0,10,,,3,,,,,
1872,bubt_black_clover,BANGLADESH UNIVERSITY OF BUSINESS AND TECHNOLOGY,0,0,10,,,2,,1,,,
1873,Bubt_Blaze714,BANGLADESH UNIVERSITY OF BUSINESS AND TECHNOLOGY,0,0,10,,,,,,,,
1874,Bubt_blue _bird,BANGLADESH UNIVERSITY OF BUSINESS AND TECHNOLOGY,0,0,10,,,1,,,,,
1875,BUBT_Blue rose,BANGLADESH UNIVERSITY OF BUSINESS AND TECHNOLOGY,0,0,10,,,,,,,,
1876,BUBT_Blue_Orchid,BANGLADESH UNIVERSITY OF BUSINESS AND TECHNOLOGY,0,0,10,,,3,,,1,,
1877,BUBT_BlueLock,BANGLADESH UNIVERSITY OF BUSINESS AND TECHNOLOGY,0,0,10,,,,,,,,
1878,BUBT_BlueWings,BANGLADESH UNIVERSITY OF BUSINESS AND TECHNOLOGY,0,0,10,,,,,,,,
1879,Bubt_BLUMERS,BANGLADESH UNIVERSITY OF BUSINESS AND TECHNOLOGY,0,0,10,,,,,,,,
1880,Bubt_Bolbona,BANGLADESH UNIVERSITY OF BUSINESS AND TECHNOLOGY,0,0,10,,,1,,2,,,1
1881,Bubt_bots,BANGLADESH UNIVERSITY OF BUSINESS AND TECHNOLOGY,0,0,10,,,1,,,,,
1882,BUBT_Brain Freeze (99% of the Time),BANGLADESH UNIVERSITY OF BUSINESS AND TECHNOLOGY,0,0,10,,,4,,,,,
1883,BUBT_Bug Busters,BANGLADESH UNIVERSITY OF BUSINESS AND TECHNOLOGY,0,0,10,1,1,1,1,1,1,,
1884,BUBT_Bug hunters,BANGLADESH UNIVERSITY OF BUSINESS AND TECHNOLOGY,0,0,10,,,,,,,,
1885,bubt_BugBytes,BANGLADESH UNIVERSITY OF BUSINESS AND TECHNOLOGY,0,0,10,,1,3,,,2,,
1886,BUBT_ByteMe,BANGLADESH UNIVERSITY OF BUSINESS AND TECHNOLOGY,0,0,10,,,6,,2,1,,
1887,Bubt_Byteonix_Nexus,BANGLADESH UNIVERSITY OF BUSINESS AND TECHNOLOGY,0,0,10,,,,,,,,
1888,BUBT_Clueless,BANGLADESH UNIVERSITY OF BUSINESS AND TECHNOLOGY,0,0,10,1,,1,1,,1,,
1889,BUBT_Coconut,BANGLADESH UNIVERSITY OF BUSINESS AND TECHNOLOGY,0,0,10,,,,,,,,
1890,Bubt_code deginer,BANGLADESH UNIVERSITY OF BUSINESS AND TECHNOLOGY,0,0,10,1,,,,,,,
1891,BUBT_Code Ninjas,BANGLADESH UNIVERSITY OF BUSINESS AND TECHNOLOGY,0,0,10,,,1,,,,,
1892,BUBT_Code raiders,BANGLADESH UNIVERSITY OF BUSINESS AND TECHNOLOGY,0,0,10,,,3,,,,,
1893,BUBT_Code Riderz,BANGLADESH UNIVERSITY OF BUSINESS AND TECHNOLOGY,0,0,10,,,3,,,,,
1894,Bubt_Code Solvers,BANGLADESH UNIVERSITY OF BUSINESS AND TECHNOLOGY,0,0,10,,,,,,3,,
1895,BUBT_Code_Comets,BANGLADESH UNIVERSITY OF BUSINESS AND TECHNOLOGY,0,0,10,,,,,,,,
1896,BUBT_Code_Crusader,BANGLADESH UNIVERSITY OF BUSINESS AND TECHNOLOGY,0,0,10,,,,,,,,
1897,BUBT_code_error,BANGLADESH UNIVERSITY OF BUSINESS AND TECHNOLOGY,0,0,10,,,,,,,,
1898,BUBT_Code_Savvy,BANGLADESH UNIVERSITY OF BUSINESS AND TECHNOLOGY,0,0,10,,,3,,,,,
1899,BUBT_CodeBreakers,BANGLADESH UNIVERSITY OF BUSINESS AND TECHNOLOGY,0,0,10,,,2,,,,,
1900,BUBT_Codebreakers,BANGLADESH UNIVERSITY OF BUSINESS AND TECHNOLOGY,0,0,10,,,3,,1,,,
1901,BUBT_CodeCrafters,BANGLADESH UNIVERSITY OF BUSINESS AND TECHNOLOGY,0,0,10,,,1,1,,,,1
1902,Bubt_Codemars,BANGLADESH UNIVERSITY OF BUSINESS AND TECHNOLOGY,0,0,10,,,,,,,,
1903,Bubt_coder_conqueror_buddy,BANGLADESH UNIVERSITY OF BUSINESS AND TECHNOLOGY,0,0,10,1,,,,,,,
1904,BUBT_Coders,BANGLADESH UNIVERSITY OF BUSINESS AND TECHNOLOGY,0,0,10,,,3,,,,,
1905,Bubt_Coders.11,BANGLADESH UNIVERSITY OF BUSINESS AND TECHNOLOGY,0,0,10,,,,,,,,
1906,BUBT_CODERS.52,BANGLADESH UNIVERSITY OF BUSINESS AND TECHNOLOGY,0,0,10,,,,,,,,
1907,BUBT_codewar,BANGLADESH UNIVERSITY OF BUSINESS AND TECHNOLOGY,0,0,10,,,,,,,,
1908,BUBT_Coffee,BANGLADESH UNIVERSITY OF BUSINESS AND TECHNOLOGY,0,0,10,,,,,,,,
1909,bubt_Compilation_Error,BANGLADESH UNIVERSITY OF BUSINESS AND TECHNOLOGY,0,0,10,,,,,1,,,
1910,Bubt_ContestCracker,BANGLADESH UNIVERSITY OF BUSINESS AND TECHNOLOGY,0,0,10,,,,,,,,
1911,BUBT_copyCoders,BANGLADESH UNIVERSITY OF BUSINESS AND TECHNOLOGY,0,0,10,,,3,1,,1,,1
1912,BUBT_count0,BANGLADESH UNIVERSITY OF BUSINESS AND TECHNOLOGY,0,0,10,,,1,,,,,
1913,Bubt_CrackPlatoon,BANGLADESH UNIVERSITY OF BUSINESS AND TECHNOLOGY,0,0,10,,,1,,,,,
1914,BUBT_Crux,BANGLADESH UNIVERSITY OF BUSINESS AND TECHNOLOGY,0,0,10,,,,,,,,
1915,BUBT_CYBER_KNIGHTS,BANGLADESH UNIVERSITY OF BUSINESS AND TECHNOLOGY,0,0,10,1,,,,,,,
1916,Bubt_Dangerous_Monstar,BANGLADESH UNIVERSITY OF BUSINESS AND TECHNOLOGY,0,0,10,,,,,,,,
1917,BUBT_Data Miners,BANGLADESH UNIVERSITY OF BUSINESS AND TECHNOLOGY,0,0,10,,,,,,,,
1918,BUBT_Data-Wizards,BANGLADESH UNIVERSITY OF BUSINESS AND TECHNOLOGY,0,0,10,,,,,,,,
1919,BUBT_DataBaes,BANGLADESH UNIVERSITY OF BUSINESS AND TECHNOLOGY,0,0,10,1,,3,,1,,,
1920,BUBT_decoder,BANGLADESH UNIVERSITY OF BUSINESS AND TECHNOLOGY,0,0,10,,,,,,,,
1921,BUBT_Delta,BANGLADESH UNIVERSITY OF BUSINESS AND TECHNOLOGY,0,0,10,,,,,,,,
1922,BUBT_DevElite,BANGLADESH UNIVERSITY OF BUSINESS AND TECHNOLOGY,0,0,10,1,2,1,1,1,1,1,1
1923,BUBT_Dhoirjoshil's,BANGLADESH UNIVERSITY OF BUSINESS AND TECHNOLOGY,0,0,10,1,,1,,,,,
1924,Bubt_discode,BANGLADESH UNIVERSITY OF BUSINESS AND TECHNOLOGY,0,0,10,,,,,,,,
1925,Bubt_dogs,BANGLADESH UNIVERSITY OF BUSINESS AND TECHNOLOGY,0,0,10,,,3,,,,,
1926,BUBT_DOT,BANGLADESH UNIVERSITY OF BUSINESS AND TECHNOLOGY,0,0,10,1,,2,1,,,,
1927,BUBT_Downfall,BANGLADESH UNIVERSITY OF BUSINESS AND TECHNOLOGY,0,0,10,,,1,,,,,
1928,Bubt_dreamers,BANGLADESH UNIVERSITY OF BUSINESS AND TECHNOLOGY,0,0,10,,,1,,,,,
1929,BUBT_ducks,BANGLADESH UNIVERSITY OF BUSINESS AND TECHNOLOGY,0,0,10,,,,,,,,
1930,BUBT_Dumbiacs,BANGLADESH UNIVERSITY OF BUSINESS AND TECHNOLOGY,0,0,10,,,,,,,,
1931,BUBT_EJI-54,BANGLADESH UNIVERSITY OF BUSINESS AND TECHNOLOGY,0,0,10,,,,,,,,
1932,BUBT_Elite007,BANGLADESH UNIVERSITY OF BUSINESS AND TECHNOLOGY,0,0,10,,,1,,,,,
1933,BUBT_EmpowerHers,BANGLADESH UNIVERSITY OF BUSINESS AND TECHNOLOGY,0,0,10,,,,,,,,
1934,BUBT_EMS SQUAD,BANGLADESH UNIVERSITY OF BUSINESS AND TECHNOLOGY,0,0,10,,,2,,,,,
1935,Bubt_Endurance,BANGLADESH UNIVERSITY OF BUSINESS AND TECHNOLOGY,0,0,10,,,1,,,,,
1936,Bubt_Ephemeral,BANGLADESH UNIVERSITY OF BUSINESS AND TECHNOLOGY,0,0,10,,,1,,1,1,,
1937,BUBT_ERROR,BANGLADESH UNIVERSITY OF BUSINESS AND TECHNOLOGY,0,0,10,,,2,,,,,
1938,BUBT_error,BANGLADESH UNIVERSITY OF BUSINESS AND TECHNOLOGY,0,0,10,,,,,,,,
1939,BUBT_Error_Syndicate,BANGLADESH UNIVERSITY OF BUSINESS AND TECHNOLOGY,0,0,10,,,,,,,,
1940,Bubt_errorcode,BANGLADESH UNIVERSITY OF BUSINESS AND TECHNOLOGY,0,0,10,,,,,,,,
1941,BUBT_ESCAPING_THE_MATRIX,BANGLADESH UNIVERSITY OF BUSINESS AND TECHNOLOGY,0,0,10,,,,,,,,
1942,BUBT_Eureka,BANGLADESH UNIVERSITY OF BUSINESS AND TECHNOLOGY,0,0,10,,,,,,,,
1943,BUBT_EXPECTRUM,BANGLADESH UNIVERSITY OF BUSINESS AND TECHNOLOGY,0,0,10,,,,,,,,
1944,BUBT_FAAst_guys,BANGLADESH UNIVERSITY OF BUSINESS AND TECHNOLOGY,0,0,10,,,,,,1,,
1945,BUBT_Falcon,BANGLADESH UNIVERSITY OF BUSINESS AND TECHNOLOGY,0,0,10,,,,,,,,
1946,BUBT_FALCON2809,BANGLADESH UNIVERSITY OF BUSINESS AND TECHNOLOGY,0,0,10,,,,,,,,
1947,BUBT_FastCoder03,BANGLADESH UNIVERSITY OF BUSINESS AND TECHNOLOGY,0,0,10,,2,1,1,,,,
1948,BUBT_Fatiha,BANGLADESH UNIVERSITY OF BUSINESS AND TECHNOLOGY,0,0,10,,,,,,,,
1949,BUBT_FINIX,BANGLADESH UNIVERSITY OF BUSINESS AND TECHNOLOGY,0,0,10,1,,5,2,,1,,
1950,BUBT_Fireflies,BANGLADESH UNIVERSITY OF BUSINESS AND TECHNOLOGY,0,0,10,,,3,,,,,
1951,BUBT_fishycode,BANGLADESH UNIVERSITY OF BUSINESS AND TECHNOLOGY,0,0,10,,,,,,,,
1952,BUBT_Flipper,BANGLADESH UNIVERSITY OF BUSINESS AND TECHNOLOGY,0,0,10,,,10,,,,,
1953,BUBT_Free_Palestine_2024,BANGLADESH UNIVERSITY OF BUSINESS AND TECHNOLOGY,0,0,10,,,,,,,,
1954,BUBT_FSB,BANGLADESH UNIVERSITY OF BUSINESS AND TECHNOLOGY,0,0,10,,,,,,,,
1955,BUBT_Genius_Syntax_Team,BANGLADESH UNIVERSITY OF BUSINESS AND TECHNOLOGY,0,0,10,,,,,,,,
1956,Bubt_getbackers,BANGLADESH UNIVERSITY OF BUSINESS AND TECHNOLOGY,0,0,10,,,,,,,,
1957,BUBT_GIRLS,BANGLADESH UNIVERSITY OF BUSINESS AND TECHNOLOGY,0,0,10,,,,,,,,
1958,BUBT_GROUND ZERO,BANGLADESH UNIVERSITY OF BUSINESS AND TECHNOLOGY,0,0,10,,,,,,,,
1959,BUBT_GRYFFINDOR,BANGLADESH UNIVERSITY OF BUSINESS AND TECHNOLOGY,0,0,10,,,,,,,,
1960,Bubt_hala_barca,BANGLADESH UNIVERSITY OF BUSINESS AND TECHNOLOGY,0,0,10,,,2,,,,,
1961,BUBT_Hashtag,BANGLADESH UNIVERSITY OF BUSINESS AND TECHNOLOGY,0,0,10,,,3,,,,,
1962,Bubt_Hawks,BANGLADESH UNIVERSITY OF BUSINESS AND TECHNOLOGY,0,0,10,,,,,,1,,
1963,BUBT_Headwinds,BANGLADESH UNIVERSITY OF BUSINESS AND TECHNOLOGY,0,0,10,,,,,,,,
1964,BUBT_Hello_World,BANGLADESH UNIVERSITY OF BUSINESS AND TECHNOLOGY,0,0,10,,,,,,,,
1965,BUBT_HEROS,BANGLADESH UNIVERSITY OF BUSINESS AND TECHNOLOGY,0,0,10,,,,,,,,
1966,BUBT_HiFi,BANGLADESH UNIVERSITY OF BUSINESS AND TECHNOLOGY,0,0,10,,,,,,,,
1967,BUBT_Hogwarts Hackademy,BANGLADESH UNIVERSITY OF BUSINESS AND TECHNOLOGY,0,0,10,,,,,,,,
1968,BUBT_Hopeless Coder,BANGLADESH UNIVERSITY OF BUSINESS AND TECHNOLOGY,0,0,10,,,1,1,,,,
1969,BUBT_hopelessTrio,BANGLADESH UNIVERSITY OF BUSINESS AND TECHNOLOGY,0,0,10,,,,,,,,
1970,BUBT_HRS NOOB,BANGLADESH UNIVERSITY OF BUSINESS AND TECHNOLOGY,0,0,10,1,,1,,,1,,
1971,BUBT_Hunter,BANGLADESH UNIVERSITY OF BUSINESS AND TECHNOLOGY,0,0,10,,,,,,,,
1972,Bubt_Hunter350,BANGLADESH UNIVERSITY OF BUSINESS AND TECHNOLOGY,0,0,10,1,,,,,,,
1973,BUBT_ICON,BANGLADESH UNIVERSITY OF BUSINESS AND TECHNOLOGY,0,0,10,,,,,,,,
1974,BUBT_ICPC,BANGLADESH UNIVERSITY OF BUSINESS AND TECHNOLOGY,0,0,10,,,,,,,,
1975,BUBT_Icpc programmer,BANGLADESH UNIVERSITY OF BUSINESS AND TECHNOLOGY,0,0,10,,,2,1,,1,,
1976,Bubt_Igloo,BANGLADESH UNIVERSITY OF BUSINESS AND TECHNOLOGY,0,0,10,,,4,,,,,
1977,Bubt_illogic Lab,BANGLADESH UNIVERSITY OF BUSINESS AND TECHNOLOGY,0,0,10,,,,,,,,
1978,BUBT_INCEPTION,BANGLADESH UNIVERSITY OF BUSINESS AND TECHNOLOGY,0,0,10,,,1,,,1,,
1979,BUBT_Indie Coders,BANGLADESH UNIVERSITY OF BUSINESS AND TECHNOLOGY,0,0,10,,,,,,,,
1980,Bubt_Infinite loop,BANGLADESH UNIVERSITY OF BUSINESS AND TECHNOLOGY,0,0,10,,,,,,,,
1981,BUBT_Infinity,BANGLADESH UNIVERSITY OF BUSINESS AND TECHNOLOGY,0,0,10,,,1,,,1,,
1982,BUBT_INNOVATIVE_NUDS,BANGLADESH UNIVERSITY OF BUSINESS AND TECHNOLOGY,0,0,10,,,,,,,,
1983,BUBT_InnoVentures,BANGLADESH UNIVERSITY OF BUSINESS AND TECHNOLOGY,0,0,10,,,,,,,,
1984,BUBT_JAM,BANGLADESH UNIVERSITY OF BUSINESS AND TECHNOLOGY,0,0,10,,,,,,,,
1985,Bubt_Janina,BANGLADESH UNIVERSITY OF BUSINESS AND TECHNOLOGY,0,0,10,,,,,,,,
1986,Bubt_JMK coder,BANGLADESH UNIVERSITY OF BUSINESS AND TECHNOLOGY,0,0,10,1,,1,,,,,
1987,BUBT_JSM,BANGLADESH UNIVERSITY OF BUSINESS AND TECHNOLOGY,0,0,10,,,,,,,,
1988,Bubt_jsm346,BANGLADESH UNIVERSITY OF BUSINESS AND TECHNOLOGY,0,0,10,,,,,,,,
1989,Bubt_Jungle_Hunters,BANGLADESH UNIVERSITY OF BUSINESS AND TECHNOLOGY,0,0,10,,,3,,,,,
1990,Bubt_Kartos,BANGLADESH UNIVERSITY OF BUSINESS AND TECHNOLOGY,0,0,10,,,6,2,,2,,
1991,BUBT_Lady_bugs,BANGLADESH UNIVERSITY OF BUSINESS AND TECHNOLOGY,0,0,10,,,2,,,2,,
1992,Bubt_lady_bugs,BANGLADESH UNIVERSITY OF BUSINESS AND TECHNOLOGY,0,0,10,,,,,,,,
1993,BUBT_Lays,BANGLADESH UNIVERSITY OF BUSINESS AND TECHNOLOGY,0,0,10,1,2,2,,,,,1
1994,BUBT_Lazarus,BANGLADESH UNIVERSITY OF BUSINESS AND TECHNOLOGY,0,0,10,1,,,,,,,
1995,BUBT_Learners,BANGLADESH UNIVERSITY OF BUSINESS AND TECHNOLOGY,0,0,10,,,,,,,,
1996,BUBT_leo,BANGLADESH UNIVERSITY OF BUSINESS AND TECHNOLOGY,0,0,10,,,2,,,,,
1997,BUBT_LNS,BANGLADESH UNIVERSITY OF BUSINESS AND TECHNOLOGY,0,0,10,,,3,2,,1,,
1998,BUBT_LOGiC LOOM,BANGLADESH UNIVERSITY OF BUSINESS AND TECHNOLOGY,0,0,10,,,1,,,,,
1999,BUBT_Losers,BANGLADESH UNIVERSITY OF BUSINESS AND TECHNOLOGY,0,0,10,,,,,,,,
2000,Bubt_MAIBA,BANGLADESH UNIVERSITY OF BUSINESS AND TECHNOLOGY,0,0,10,,,,,,,,
2001,BUBT_Malware,BANGLADESH UNIVERSITY OF BUSINESS AND TECHNOLOGY,0,0,11,,,3,,,,,
2002,BUBT_MATRIX,BANGLADESH UNIVERSITY OF BUSINESS AND TECHNOLOGY,0,0,11,,,3,,,,,
2003,bubt_MAVERICS,BANGLADESH UNIVERSITY OF BUSINESS AND TECHNOLOGY,0,0,11,,,2,,,,,
2004,BUBT_MDR,BANGLADESH UNIVERSITY OF BUSINESS AND TECHNOLOGY,0,0,11,,,2,1,1,1,,
2005,BUBT_MINEMU,BANGLADESH UNIVERSITY OF BUSINESS AND TECHNOLOGY,0,0,11,,,,,,,,
2006,BUBT_Misfits,BANGLADESH UNIVERSITY OF BUSINESS AND TECHNOLOGY,0,0,11,,,,,,,,
2007,Bubt_mishaamicpc@,BANGLADESH UNIVERSITY OF BUSINESS AND TECHNOLOGY,0,0,11,,,1,,,,,
2008,BUBT_MITHUN_SOMA_MILI,BANGLADESH UNIVERSITY OF BUSINESS AND TECHNOLOGY,0,0,11,,,1,,,,,
2009,Bubt_Moscovium,BANGLADESH UNIVERSITY OF BUSINESS AND TECHNOLOGY,0,0,11,,,,,,,,
2010,BUBT_MovementXI,BANGLADESH UNIVERSITY OF BUSINESS AND TECHNOLOGY,0,0,11,1,1,4,,,5,,
2011,BUBT_MPL,BANGLADESH UNIVERSITY OF BUSINESS AND TECHNOLOGY,0,0,11,,,2,1,,2,,
2012,BUBT_MSB,BANGLADESH UNIVERSITY OF BUSINESS AND TECHNOLOGY,0,0,11,,,,,,,,
2013,BUBT_MSR,BANGLADESH UNIVERSITY OF BUSINESS AND TECHNOLOGY,0,0,11,,,,,,,,
2014,BUBT_MSRusers,BANGLADESH UNIVERSITY OF BUSINESS AND TECHNOLOGY,0,0,11,1,,2,,,,,
2015,BUBT_Mua,BANGLADESH UNIVERSITY OF BUSINESS AND TECHNOLOGY,0,0,11,,,,,,,,
2016,Bubt_MUHARIB,BANGLADESH UNIVERSITY OF BUSINESS AND TECHNOLOGY,0,0,11,,,,,,,,
2017,Bubt_Munna,BANGLADESH UNIVERSITY OF BUSINESS AND TECHNOLOGY,0,0,11,,,,,,,,
2018,BUBT_NAB,BANGLADESH UNIVERSITY OF BUSINESS AND TECHNOLOGY,0,0,11,,,,,,,,
2019,BUBT_NAPA_EXTRA,BANGLADESH UNIVERSITY OF BUSINESS AND TECHNOLOGY,0,0,11,,,,,,,,
2020,Bubt_Napa_Extra,BANGLADESH UNIVERSITY OF BUSINESS AND TECHNOLOGY,0,0,11,,,,,,,,
2021,BUBT_Nebula_Navigators,BANGLADESH UNIVERSITY OF BUSINESS AND TECHNOLOGY,0,0,11,,,2,,,,,
2022,BUBT_Net_Surfers,BANGLADESH UNIVERSITY OF BUSINESS AND TECHNOLOGY,0,0,11,,,,,,,,
2023,BUBT_Newb_Coder,BANGLADESH UNIVERSITY OF BUSINESS AND TECHNOLOGY,0,0,11,,,,,,,,
2024,Bubt_NFI,BANGLADESH UNIVERSITY OF BUSINESS AND TECHNOLOGY,0,0,11,,,,,,,,
2025,BUBT_NIT,BANGLADESH UNIVERSITY OF BUSINESS AND TECHNOLOGY,0,0,11,,,,,,,,
2026,BUBT_Nitro coders,BANGLADESH UNIVERSITY OF BUSINESS AND TECHNOLOGY,0,0,11,,,,,,,,
2027,BUBT_NOOB,BANGLADESH UNIVERSITY OF BUSINESS AND TECHNOLOGY,0,0,11,,,,,,,,
2028,Bubt_Noobcoders,BANGLADESH UNIVERSITY OF BUSINESS AND TECHNOLOGY,0,0,11,,,,,,,,
2029,BUBT_Noobies,BANGLADESH UNIVERSITY OF BUSINESS AND TECHNOLOGY,0,0,11,,,,,,,,
2030,Bubt_Noobs,BANGLADESH UNIVERSITY OF BUSINESS AND TECHNOLOGY,0,0,11,,,,,,,,
2031,BUBT_NTH,BANGLADESH UNIVERSITY OF BUSINESS AND TECHNOLOGY,0,0,11,,,,,,,,
2032,BUBT_NULL_BYTE,BANGLADESH UNIVERSITY OF BUSINESS AND TECHNOLOGY,0,0,11,,,,,,,,
2033,BUBT_NULL_CODER,BANGLADESH UNIVERSITY OF BUSINESS AND TECHNOLOGY,0,0,11,,,,,,,,
2034,Bubt_optimal solution,BANGLADESH UNIVERSITY OF BUSINESS AND TECHNOLOGY,0,0,11,,,,,,,,
2035,BUBT_ORBIT,BANGLADESH UNIVERSITY OF BUSINESS AND TECHNOLOGY,0,0,11,1,1,1,1,1,1,1,
2036,BUBT_OWLHOUSE,BANGLADESH UNIVERSITY OF BUSINESS AND TECHNOLOGY,0,0,11,,,1,,,,,
2037,BUBT_penalty,BANGLADESH UNIVERSITY OF BUSINESS AND TECHNOLOGY,0,0,11,,,1,,,,,
2038,BUBT_penya_blaugrana,BANGLADESH UNIVERSITY OF BUSINESS AND TECHNOLOGY,0,0,11,,,,,,,,
2039,Bubt_PhireAshunApa,BANGLADESH UNIVERSITY OF BUSINESS AND TECHNOLOGY,0,0,11,,,,,,,,
2040,BUBT_Phoniex,BANGLADESH UNIVERSITY OF BUSINESS AND TECHNOLOGY,0,0,11,,,,,,,,
2041,BUBT_PICKTMCGY,BANGLADESH UNIVERSITY OF BUSINESS AND TECHNOLOGY,0,0,11,,,,,,,,
2042,BUBT_Pirates,BANGLADESH UNIVERSITY OF BUSINESS AND TECHNOLOGY,0,0,11,,,,,1,,,
2043,Bubt_pirateZ,BANGLADESH UNIVERSITY OF BUSINESS AND TECHNOLOGY,0,0,11,,,2,,,,,
2044,BUBT_PKD Typer,BANGLADESH UNIVERSITY OF BUSINESS AND TECHNOLOGY,0,0,11,1,,,,,,,
2045,Bubt_platoonZ,BANGLADESH UNIVERSITY OF BUSINESS AND TECHNOLOGY,0,0,11,,,2,,,2,,
2046,BUBT_Pookie,BANGLADESH UNIVERSITY OF BUSINESS AND TECHNOLOGY,0,0,11,,,,,,,,
2047,Bubt_pookie,BANGLADESH UNIVERSITY OF BUSINESS AND TECHNOLOGY,0,0,11,,,,,,,,
2048,BUBT_Quantum,BANGLADESH UNIVERSITY OF BUSINESS AND TECHNOLOGY,0,0,11,,,,,,,,
2049,BUBT_Quantum Coders,BANGLADESH UNIVERSITY OF BUSINESS AND TECHNOLOGY,0,0,11,,,,,,,,
2050,BUBT_RandomCore,BANGLADESH UNIVERSITY OF BUSINESS AND TECHNOLOGY,0,0,11,,,7,,,,,
2051,BUBT_Rangers,BANGLADESH UNIVERSITY OF BUSINESS AND TECHNOLOGY,0,0,11,,,,,,,,
2052,BUBT_Rave,BANGLADESH UNIVERSITY OF BUSINESS AND TECHNOLOGY,0,0,11,,,,,,,,
2053,BUBT_Research Rangers,BANGLADESH UNIVERSITY OF BUSINESS AND TECHNOLOGY,0,0,11,,,,,,,,
2054,Bubt_ReSihab,BANGLADESH UNIVERSITY OF BUSINESS AND TECHNOLOGY,0,0,11,,,,,,,,
2055,Bubt_Return0,BANGLADESH UNIVERSITY OF BUSINESS AND TECHNOLOGY,0,0,11,,,1,,2,,,
2056,BUBT_Revolution,BANGLADESH UNIVERSITY OF BUSINESS AND TECHNOLOGY,0,0,11,,,,,,,,
2057,BUBT_Rookie,BANGLADESH UNIVERSITY OF BUSINESS AND TECHNOLOGY,0,0,11,,,2,,,,,
2058,BUBT_Rose,BANGLADESH UNIVERSITY OF BUSINESS AND TECHNOLOGY,0,0,11,2,2,2,2,6,,,
2059,BUBT_Royal,BANGLADESH UNIVERSITY OF BUSINESS AND TECHNOLOGY,0,0,11,,,,,,,,
2060,BUBT_RSF,BANGLADESH UNIVERSITY OF BUSINESS AND TECHNOLOGY,0,0,11,,,,,,,,
2061,BUBT_RTM,BANGLADESH UNIVERSITY OF BUSINESS AND TECHNOLOGY,0,0,11,,,,,,,,
2062,BUBT_Rusty_Coders,BANGLADESH UNIVERSITY OF BUSINESS AND TECHNOLOGY,0,0,11,,,,,,,,
2063,BUBT_SAMURAI,BANGLADESH UNIVERSITY OF BUSINESS AND TECHNOLOGY,0,0,11,,,1,,,,,
2064,Bubt_scam,BANGLADESH UNIVERSITY OF BUSINESS AND TECHNOLOGY,0,0,11,,,1,,,,,
2065,Bubt_ScandiumM3181040,BANGLADESH UNIVERSITY OF BUSINESS AND TECHNOLOGY,0,0,11,,,4,,,1,,
2066,BUBT_Scarlet,BANGLADESH UNIVERSITY OF BUSINESS AND TECHNOLOGY,0,0,11,,,,,,,,
2067,BUBT_SCMER,BANGLADESH UNIVERSITY OF BUSINESS AND TECHNOLOGY,0,0,11,,,,,,,,
2068,BUBT_ScreenWarriors,BANGLADESH UNIVERSITY OF BUSINESS AND TECHNOLOGY,0,0,11,,,3,,,,,
2069,Bubt_ScriptSquad,BANGLADESH UNIVERSITY OF BUSINESS AND TECHNOLOGY,0,0,11,,,3,,,,,
2070,BUBT_SCUBE,BANGLADESH UNIVERSITY OF BUSINESS AND TECHNOLOGY,0,0,11,,,,,,,,
2071,BUBT_Sdmcoffeee,BANGLADESH UNIVERSITY OF BUSINESS AND TECHNOLOGY,0,0,11,2,,,,1,,,
2072,BUBT_SDS-Dynamo,BANGLADESH UNIVERSITY OF BUSINESS AND TECHNOLOGY,0,0,11,,,1,,,1,,
2073,BUBT_sec5,BANGLADESH UNIVERSITY OF BUSINESS AND TECHNOLOGY,0,0,11,,,,,,,,
2074,Bubt_SecretCoder,BANGLADESH UNIVERSITY OF BUSINESS AND TECHNOLOGY,0,0,11,,,,,,,,
2075,Bubt_Section_9_Girls,BANGLADESH UNIVERSITY OF BUSINESS AND TECHNOLOGY,0,0,11,,,,,,,,
2076,BUBT_SEEKERS,BANGLADESH UNIVERSITY OF BUSINESS AND TECHNOLOGY,0,0,11,,,,,,,,
2077,Bubt_Semester 1,BANGLADESH UNIVERSITY OF BUSINESS AND TECHNOLOGY,0,0,11,,,,,,,,
2078,BUBT_Sharks,BANGLADESH UNIVERSITY OF BUSINESS AND TECHNOLOGY,0,0,11,,,4,,3,,,
2079,BUBT_SHAZO,BANGLADESH UNIVERSITY OF BUSINESS AND TECHNOLOGY,0,0,11,,,1,,,,,
2080,BUBT_shimmo,BANGLADESH UNIVERSITY OF BUSINESS AND TECHNOLOGY,0,0,11,,,,,,,,
2081,BUBT_Shinobi,BANGLADESH UNIVERSITY OF BUSINESS AND TECHNOLOGY,0,0,11,,,,,,,,
2082,BUBT_Shinobi's,BANGLADESH UNIVERSITY OF BUSINESS AND TECHNOLOGY,0,0,11,,,,,,,,
2083,BUBT_SHS,BANGLADESH UNIVERSITY OF BUSINESS AND TECHNOLOGY,0,0,11,,,,,,,,
2084,BUBT_SIGMA,BANGLADESH UNIVERSITY OF BUSINESS AND TECHNOLOGY,0,0,11,,,,,,,,
2085,Bubt_sigmas,BANGLADESH UNIVERSITY OF BUSINESS AND TECHNOLOGY,0,0,11,,,,,,,,
2086,BUBT_Silent Coder,BANGLADESH UNIVERSITY OF BUSINESS AND TECHNOLOGY,0,0,11,,,,,,,,
2087,BUBT_Slow programmers,BANGLADESH UNIVERSITY OF BUSINESS AND TECHNOLOGY,0,0,11,,,,,,,,
2088,BUBT_SMAK,BANGLADESH UNIVERSITY OF BUSINESS AND TECHNOLOGY,0,0,11,,,,,,,,
2089,BUBT_SMS,BANGLADESH UNIVERSITY OF BUSINESS AND TECHNOLOGY,0,0,11,,,2,,,1,,
2090,BUBT_SN4K3,BANGLADESH UNIVERSITY OF BUSINESS AND TECHNOLOGY,0,0,11,,,,,,,,
2091,BUBT_SNS,BANGLADESH UNIVERSITY OF BUSINESS AND TECHNOLOGY,0,0,11,,,,,,,,
2092,BUBT_spectrum,BANGLADESH UNIVERSITY OF BUSINESS AND TECHNOLOGY,0,0,11,1,,1,,,1,,
2093,BUBT_SPG,BANGLADESH UNIVERSITY OF BUSINESS AND TECHNOLOGY,0,0,11,,,1,,,,,
2094,BUBT_Squad Goals,BANGLADESH UNIVERSITY OF BUSINESS AND TECHNOLOGY,0,0,11,,,1,,,,,
2095,BUBT_SQuIRREL,BANGLADESH UNIVERSITY OF BUSINESS AND TECHNOLOGY,0,0,11,,,1,,1,,,
2096,BUBT_SRF,BANGLADESH UNIVERSITY OF BUSINESS AND TECHNOLOGY,0,0,11,,,,,2,1,,
2097,BUBT_stars,BANGLADESH UNIVERSITY OF BUSINESS AND TECHNOLOGY,0,0,11,,,,,,,,
2098,BUBT_Strangers_Bots,BANGLADESH UNIVERSITY OF BUSINESS AND TECHNOLOGY,0,0,11,,,,,,,,
2099,BUBT_SUPERNOVAS,BANGLADESH UNIVERSITY OF BUSINESS AND TECHNOLOGY,0,0,11,,,5,,4,1,,
2100,BUBT_Supra,BANGLADESH UNIVERSITY OF BUSINESS AND TECHNOLOGY,0,0,11,,,,,,,,
2101,BUBT_Supreme Coders,BANGLADESH UNIVERSITY OF BUSINESS AND TECHNOLOGY,0,0,11,,,1,,,,,
2102,BUBT_Syntax,BANGLADESH UNIVERSITY OF BUSINESS AND TECHNOLOGY,0,0,11,,,1,,,,,
2103,BUBT_Syntax_Error,BANGLADESH UNIVERSITY OF BUSINESS AND TECHNOLOGY,0,0,11,,,,,,,,
2104,BUBT_syntax_error,BANGLADESH UNIVERSITY OF BUSINESS AND TECHNOLOGY,0,0,11,,,,,,,,
2105,Bubt_SyntaxError,BANGLADESH UNIVERSITY OF BUSINESS AND TECHNOLOGY,0,0,11,,,,,,,,
2106,Bubt_Systamic_Squad,BANGLADESH UNIVERSITY OF BUSINESS AND TECHNOLOGY,0,0,11,,,1,,,,,
2107,BUBT_TargetNext_ICPC,BANGLADESH UNIVERSITY OF BUSINESS AND TECHNOLOGY,0,0,11,,,,,,,,
2108,BUBT_TBT,BANGLADESH UNIVERSITY OF BUSINESS AND TECHNOLOGY,0,0,11,,,1,,,,,
2109,bubt_te_hudai_cse_pori,BANGLADESH UNIVERSITY OF BUSINESS AND TECHNOLOGY,0,0,11,,,1,,,,,
2110,BUBT_Team ZERO,BANGLADESH UNIVERSITY OF BUSINESS AND TECHNOLOGY,0,0,11,,,,,,,,
2111,BUBT_Team_5,BANGLADESH UNIVERSITY OF BUSINESS AND TECHNOLOGY,0,0,11,,,,,,,,
2112,BUBT_Team_Anaither,BANGLADESH UNIVERSITY OF BUSINESS AND TECHNOLOGY,0,0,11,,,,,,,,1
2113,BUBT_team_Bengals,BANGLADESH UNIVERSITY OF BUSINESS AND TECHNOLOGY,0,0,11,,,1,,,,,
2114,BUBT_Team_Error,BANGLADESH UNIVERSITY OF BUSINESS AND TECHNOLOGY,0,0,11,,,,,,,,
2115,BUBT_Team_force,BANGLADESH UNIVERSITY OF BUSINESS AND TECHNOLOGY,0,0,11,,,,,,,,
2116,BUBT_TEAM_YES,BANGLADESH UNIVERSITY OF BUSINESS AND TECHNOLOGY,0,0,11,,,,,,,,
2117,BUBT_TEAM-HADES,BANGLADESH UNIVERSITY OF BUSINESS AND TECHNOLOGY,0,0,11,,,,,,,,
2118,BUBT_TeamXenocide,BANGLADESH UNIVERSITY OF BUSINESS AND TECHNOLOGY,0,0,11,,,3,,13,1,,
2119,BUBT_the neighborhood,BANGLADESH UNIVERSITY OF BUSINESS AND TECHNOLOGY,0,0,11,,,,1,,5,,
2120,Bubt_Thomas,BANGLADESH UNIVERSITY OF BUSINESS AND TECHNOLOGY,0,0,11,,,,,,,,
2121,BUBT_Three,BANGLADESH UNIVERSITY OF BUSINESS AND TECHNOLOGY,0,0,11,,,,,,,,
2122,BUBT_three in one,BANGLADESH UNIVERSITY OF BUSINESS AND TECHNOLOGY,0,0,11,,1,1,,,,,
2123,BUBT_ThreeSilent3,BANGLADESH UNIVERSITY OF BUSINESS AND TECHNOLOGY,0,0,11,,,,,,,,
2124,BUBT_Time Killer,BANGLADESH UNIVERSITY OF BUSINESS AND TECHNOLOGY,0,0,11,,,,,,,,
2125,Bubt_timtim,BANGLADESH UNIVERSITY OF BUSINESS AND TECHNOLOGY,0,0,11,,,,,,,,
2126,Bubt_torotos,BANGLADESH UNIVERSITY OF BUSINESS AND TECHNOLOGY,0,0,11,,,,,,,,
2127,BUBT_Tortoise,BANGLADESH UNIVERSITY OF BUSINESS AND TECHNOLOGY,0,0,11,,,4,,,1,,
2128,BUBT_Tragic_Bytes,BANGLADESH UNIVERSITY OF BUSINESS AND TECHNOLOGY,0,0,11,,,,,,,,
2129,BUBT_Transinfinity,BANGLADESH UNIVERSITY OF BUSINESS AND TECHNOLOGY,0,0,11,,,,,,,,
2130,BUBT_TRE,BANGLADESH UNIVERSITY OF BUSINESS AND TECHNOLOGY,0,0,11,,,7,,2,,,
2131,BUBT_Tria Athina,BANGLADESH UNIVERSITY OF BUSINESS AND TECHNOLOGY,0,0,11,,,2,1,,2,,
2132,BUBT_triangle,BANGLADESH UNIVERSITY OF BUSINESS AND TECHNOLOGY,0,0,11,,,3,,,,,
2133,BUBT_Triangular,BANGLADESH UNIVERSITY OF BUSINESS AND TECHNOLOGY,0,0,11,,,,,1,,,
2134,BUBT_Tricode,BANGLADESH UNIVERSITY OF BUSINESS AND TECHNOLOGY,0,0,11,,,1,,,,,
2135,Bubt_Triology,BANGLADESH UNIVERSITY OF BUSINESS AND TECHNOLOGY,0,0,11,,,,,,,,
2136,BUBT_TrioNBN,BANGLADESH UNIVERSITY OF BUSINESS AND TECHNOLOGY,0,0,11,,,,,,,,
2137,BUBT_Tripple S,BANGLADESH UNIVERSITY OF BUSINESS AND TECHNOLOGY,0,0,11,,,1,1,1,1,1,1
2138,BUBT_TRT Quantum Coders,BANGLADESH UNIVERSITY OF BUSINESS AND TECHNOLOGY,0,0,11,,,,,,,,
2139,BUBT_Unity_Squad,BANGLADESH UNIVERSITY OF BUSINESS AND TECHNOLOGY,0,0,11,,,1,,5,1,,1
2140,BUBT_unsungtori,BANGLADESH UNIVERSITY OF BUSINESS AND TECHNOLOGY,0,0,11,,,,,,,,
2141,BUBT_uzimmytrio,BANGLADESH UNIVERSITY OF BUSINESS AND TECHNOLOGY,0,0,11,,,,,,,,
2142,BUBT_VELOCITY_X,BANGLADESH UNIVERSITY OF BUSINESS AND TECHNOLOGY,0,0,11,,,2,,,,,
2143,Bubt_Venus,BANGLADESH UNIVERSITY OF BUSINESS AND TECHNOLOGY,0,0,11,,,1,,2,,,
2144,BUBT_vikings,BANGLADESH UNIVERSITY OF BUSINESS AND TECHNOLOGY,0,0,11,,,,,,,,
2145,BUBT_VIPERS,BANGLADESH UNIVERSITY OF BUSINESS AND TECHNOLOGY,0,0,11,,,1,,,,,
2146,BUBT_Vipers,BANGLADESH UNIVERSITY OF BUSINESS AND TECHNOLOGY,0,0,11,,,1,,,1,,1
2147,Bubt_Visionaries,BANGLADESH UNIVERSITY OF BUSINESS AND TECHNOLOGY,0,0,11,,,,,,,,
2148,BUBT_Vortex,BANGLADESH UNIVERSITY OF BUSINESS AND TECHNOLOGY,0,0,11,,,,,,,,
2149,BUBT_WAR,BANGLADESH UNIVERSITY OF BUSINESS AND TECHNOLOGY,0,0,11,,,,,5,,,
2150,BUBT_War for 5 Marks,BANGLADESH UNIVERSITY OF BUSINESS AND TECHNOLOGY,0,0,11,,,,,,,,
2151,BUBT_Wizard_51_2,BANGLADESH UNIVERSITY OF BUSINESS AND TECHNOLOGY,0,0,11,,,,,,,,
2152,BUBT_Wizards,BANGLADESH UNIVERSITY OF BUSINESS AND TECHNOLOGY,0,0,11,,,,,,,,
2153,Bubt_Woozy,BANGLADESH UNIVERSITY OF BUSINESS AND TECHNOLOGY,0,0,11,,,,,,,,
2154,BUBT_XCODERS,BANGLADESH UNIVERSITY OF BUSINESS AND TECHNOLOGY,0,0,11,,,,,,,,
2155,Bubt_Xenon,BANGLADESH UNIVERSITY OF BUSINESS AND TECHNOLOGY,0,0,11,,,1,,,1,,
2156,BUBT_XYZ,BANGLADESH UNIVERSITY OF BUSINESS AND TECHNOLOGY,0,0,11,1,,3,,,1,,
2157,Bubt_Zed,BANGLADESH UNIVERSITY OF BUSINESS AND TECHNOLOGY,0,0,11,,,,,4,,,
2158,BUBT_ZeroFriction,BANGLADESH UNIVERSITY OF BUSINESS AND TECHNOLOGY,0,0,11,,,,,,,,
2159,Bubt_zootopia,BANGLADESH UNIVERSITY OF BUSINESS AND TECHNOLOGY,0,0,11,,2,3,1,,3,,
2160,BUET_224,BANGLADESH UNIVERSITY OF ENGINEERING AND TECHNOLOGY,0,0,11,,,,,,,,
2161,BUET_Agantuk,BANGLADESH UNIVERSITY OF ENGINEERING AND TECHNOLOGY,0,0,11,,,,,,,,
2162,BUET_Drim,BANGLADESH UNIVERSITY OF ENGINEERING AND TECHNOLOGY,0,0,11,,,4,,,,,
2163,BUET_HELLO_ICPC,BANGLADESH UNIVERSITY OF ENGINEERING AND TECHNOLOGY,0,0,11,,,7,,4,,,
2164,BUET_HITCHHIKERS,BANGLADESH UNIVERSITY OF ENGINEERING AND TECHNOLOGY,0,0,11,,,,,,,,
2165,BUET_Labyrinth,BANGLADESH UNIVERSITY OF ENGINEERING AND TECHNOLOGY,0,0,11,,,,,,,,
2166,BUET_Next_Time_Jitbo,BANGLADESH UNIVERSITY OF ENGINEERING AND TECHNOLOGY,0,0,11,,,,,,,,
2167,BUET_Recursive_Regret,BANGLADESH UNIVERSITY OF ENGINEERING AND TECHNOLOGY,0,0,11,,,,,,,,
2168,BUET_TEAM_ONE,BANGLADESH UNIVERSITY OF ENGINEERING AND TECHNOLOGY,0,0,11,,,,,,,,
2169,BUET_Time limit exceeded,BANGLADESH UNIVERSITY OF ENGINEERING AND TECHNOLOGY,0,0,11,,,,,,,,
2170,BUET_Unknown_error,BANGLADESH UNIVERSITY OF ENGINEERING AND TECHNOLOGY,0,0,11,,,,,,,,
2171,Akatsuki,BANGLADESH UNIVERSITY OF PROFESSIONALS,0,0,11,,,2,,,,,
2172,Binary_Coders,BANGLADESH UNIVERSITY OF PROFESSIONALS,0,0,11,,,,,,,,
2173,Nachzehrer,BANGLADESH UNIVERSITY OF PROFESSIONALS,0,0,11,,,9,,,,,
2174,Newbie_Pro,BANGLADESH UNIVERSITY OF PROFESSIONALS,0,0,11,,,4,,,1,,
2175,Runtime Terror,BANGLADESH UNIVERSITY OF PROFESSIONALS,0,0,11,,,2,,,5,,
2176,Storm_Bringers,BANGLADESH UNIVERSITY OF PROFESSIONALS,0,0,11,,,,,2,,,
2177,BGC_Binary_Brawlers,BGC TRUST UNIVERSITY BANGLADESH,0,0,11,,,2,,,,,
2178,BGC_TecHStorm,BGC TRUST UNIVERSITY BANGLADESH,0,0,11,,,2,,1,,,
2179,BGC_ThreeEdiots,BGC TRUST UNIVERSITY BANGLADESH,0,0,11,,,,,,,,
2180,BRACU_Butterflies,BRAC UNIVERSITY,0,0,11,,,6,,1,,,
2181,BRACU_SlytherKings,BRAC UNIVERSITY,0,0,11,,,,,,,,
2182,BRACU_Turing's Enigma,BRAC UNIVERSITY,0,0,11,,,,,,,,
2183,cwu_silent_coders,CENTRAL WOMENS UNIVERSITY,0,0,11,,,,,1,1,,
2184,The_Tri_Force,CENTRAL WOMENS UNIVERSITY,0,0,11,,,,,,,,
2185,CSTU_BanglaCoder,CHANDPUR SCIENCE AND TECHNOLOGY UNIVERSITY,0,0,11,,,4,,1,,,
2186,CUET_Demons,CHITTAGONG UNIVERSITY OF ENGINEERING & TECHNOLOGY,0,0,11,,,2,,,,,
2187,CityU_BinaryBystanders,CITY UNIVERSITY,0,0,11,,,,,6,,,
2188,CityU_Code_Breakers,CITY UNIVERSITY,0,0,11,,,,,,,,
2189,CityU_CodeCrafters_60,CITY UNIVERSITY,0,0,11,1,,1,,,,1,
2190,CityU_Crusher_65,CITY UNIVERSITY,0,0,11,,,,,,,,
2191,CityU_Flash_Coder,CITY UNIVERSITY,0,0,11,,,,,,,,
2192,CityU_Hack_Heaven,CITY UNIVERSITY,0,0,11,,,,,,,,
2193,CityU_Hyper_60,CITY UNIVERSITY,0,0,11,1,1,2,1,,1,1,1
2194,CityU_immortal,CITY UNIVERSITY,0,0,11,,,,,,,,
2195,CityU_LoaderLogic,CITY UNIVERSITY,0,0,11,,,,,,,,
2196,CityU_SigmaQ,CITY UNIVERSITY,0,0,11,,,5,,,,,
2197,CityU_Triple_Mission,CITY UNIVERSITY,0,0,11,,,,,,,,
2198,CBST_Hunter,"COLLEGE OF BUSINESS SCIENCE AND TECHNOLOGY, MYMENSINGH",0,0,11,,,2,,3,,,
2199,CBST_SHR,"COLLEGE OF BUSINESS SCIENCE AND TECHNOLOGY, MYMENSINGH",0,0,11,,,,,11,,,
2200,CBST_Strikers,"COLLEGE OF BUSINESS SCIENCE AND TECHNOLOGY, MYMENSINGH",0,0,11,,,,,,,,
2201,CBST_Twenty,"COLLEGE OF BUSINESS SCIENCE AND TECHNOLOGY, MYMENSINGH",0,0,12,,,2,,,,,
2202,CoU_once_again,COMILLA UNIVERSITY,0,0,12,,,8,,,,,
2203,Lessimportant,COMPACT POLYTECHNIC INSTITUTE,0,0,12,,,,,,,,
2204,DIIT_405_Found,DAFFODIL INSTITUTE OF INFORMATION TECHNOLOGY,0,0,12,,,,,,,,
2205,DIIT_Code_Crusaders,DAFFODIL INSTITUTE OF INFORMATION TECHNOLOGY,0,0,12,,,4,,7,1,,
2206,DIIT_Emergency_Code,DAFFODIL INSTITUTE OF INFORMATION TECHNOLOGY,0,0,12,,,,,,,,
2207,DIIT_Flowcharts,DAFFODIL INSTITUTE OF INFORMATION TECHNOLOGY,0,0,12,,,,,,,,
2208,DIIT_OOP,DAFFODIL INSTITUTE OF INFORMATION TECHNOLOGY,0,0,12,,,1,,,,,1
2209,DIIT_Triple_Debug_Delight,DAFFODIL INSTITUTE OF INFORMATION TECHNOLOGY,0,0,12,,,,,,,,
2210,DPI_Debuggers,DAFFODIL POLYTECHNIC INSTITUTE,0,0,12,,,,,,,,
2211,DPI_Tech_Titans,DAFFODIL POLYTECHNIC INSTITUTE,0,0,12,,,2,,,2,,
2212,Pirate Busters,DAFFODIL TECHNICAL INSTITUTE,0,0,12,,,3,,2,,,
2213,Team_Abstract,DAFFODIL TECHNICAL INSTITUTE,0,0,12,3,,4,,4,1,,
2214,DCC_CODE CRAFTERS,DHAKA CITY COLLEGE,0,0,12,,,7,,1,4,,
2215,DIU_Bit Busters,DHAKA INTERNATIONAL UNIVERSITY,0,0,12,,,,,,,,
2216,DIU_Bitwise_Phoenix,DHAKA INTERNATIONAL UNIVERSITY,0,0,12,1,,1,,,,,
2217,DIU_Brain_Creackers,DHAKA INTERNATIONAL UNIVERSITY,0,0,12,,,,,,,,
2218,DIU_NextUs,DHAKA INTERNATIONAL UNIVERSITY,0,0,12,,,6,,,,,
2219,DIU_Not-This-Time,DHAKA INTERNATIONAL UNIVERSITY,0,0,12,,,4,1,,,,
2220,Team 7,DHAKA POLYTECHNIC INSTITUTE,0,0,12,,,4,2,9,1,,
2221,Cicada_303,DHAKA UNIVERSITY OF ENGINEERING & TECHNOLOGY - GAZIPUR,0,0,12,,,1,,,,,
2222,DUET Dynamos,DHAKA UNIVERSITY OF ENGINEERING & TECHNOLOGY - GAZIPUR,0,0,12,,,1,,,,,
2223,DUET_Hunters,DHAKA UNIVERSITY OF ENGINEERING & TECHNOLOGY - GAZIPUR,0,0,12,,,,,,,,
2224,Run Time Error,DHAKA UNIVERSITY OF ENGINEERING & TECHNOLOGY - GAZIPUR,0,0,12,,,2,,,,,
2225,EDU_Bit_Benders,"EAST DELTA UNIVERSITY, CHITTAGONG",0,0,12,,,1,,,,,
2226,EDU_RuntimeErr,"EAST DELTA UNIVERSITY, CHITTAGONG",0,0,12,,,2,,,,,
2227,EDU_Try_Hard,"EAST DELTA UNIVERSITY, CHITTAGONG",0,0,12,,,4,,,,,
2228,EWU_Semicolon,EAST WEST UNIVERSITY,0,0,12,,,,,,,,
2229,PioneerCoder_of_EUB,EUROPEAN UNIVERSITY OF BANGLADESH,0,0,12,,1,21,1,4,3,,1
2230,FIU Fighters,FAREAST INTERNATIONAL UNIVERSITY,0,0,12,1,,9,,1,1,,
2231,FEC_TheNoobSquad,FARIDPUR ENGINEERING COLLEGE,0,0,12,,,4,,1,,,
2232,FEC_ThreatLevelMidnight,FARIDPUR ENGINEERING COLLEGE,0,0,12,,,1,,2,1,,
2233,HEI_Thunder,HEADWAY ENGINEERING INSTITUTE | SYLHET,0,0,12,,,,,,2,,
2234,IUB_Black_Mochi,INDEPENDENT UNIVERSITY - BANGLADESH,0,0,12,,,2,,,,,
2235,IUB_PyProgrammer,INDEPENDENT UNIVERSITY - BANGLADESH,0,0,12,,,,,,,,
2236,IST_Conqueror,INSTITUTE OF SCIENCE AND TECHNOLOGY,0,0,12,1,,4,,1,,,2
2237,IST_Fools,INSTITUTE OF SCIENCE AND TECHNOLOGY,0,0,12,,,8,,,1,,
2238,IST_NajmSaeid,INSTITUTE OF SCIENCE AND TECHNOLOGY,0,0,12,,,4,1,15,,,
2239,IST_Queue404,INSTITUTE OF SCIENCE AND TECHNOLOGY,0,0,12,,,5,,,,,
2240,IST_TriadOfTech,INSTITUTE OF SCIENCE AND TECHNOLOGY,0,0,12,,,4,,,,,
2241,IST_ZeroDayFreak,INSTITUTE OF SCIENCE AND TECHNOLOGY,0,0,12,,,,,,2,,
2242,ISTT_ sorcerer_of_code,INSTITUTE OF SCIENCE TRADE AND TECHNOLOGY,0,0,12,,1,2,,,,,
2243,ISTT_Binary_Brains,INSTITUTE OF SCIENCE TRADE AND TECHNOLOGY,0,0,12,,,,,,,,
2244,ISTT_Logic_Breakers,INSTITUTE OF SCIENCE TRADE AND TECHNOLOGY,0,0,12,,,1,,,2,,
2245,ISTT_Phoenix,INSTITUTE OF SCIENCE TRADE AND TECHNOLOGY,0,0,12,,,,,,,,
2246,Algo Avengers,INTERNATIONAL ISLAMIC UNIVERSITY CHITTAGONG,0,0,12,,,,,,,,
2247,Binary Builders,INTERNATIONAL ISLAMIC UNIVERSITY CHITTAGONG,0,0,12,,,1,,,1,,
2248,Binary_Brains,INTERNATIONAL ISLAMIC UNIVERSITY CHITTAGONG,0,0,12,,,2,,,,,
2249,Blue Code,INTERNATIONAL ISLAMIC UNIVERSITY CHITTAGONG,0,0,12,,,4,2,,1,,
2250,BugBusters_IIUC,INTERNATIONAL ISLAMIC UNIVERSITY CHITTAGONG,0,0,12,,,,,,,,
2251,Chic Coders,INTERNATIONAL ISLAMIC UNIVERSITY CHITTAGONG,0,0,12,,,,,,,,
2252,code breakers,INTERNATIONAL ISLAMIC UNIVERSITY CHITTAGONG,0,0,12,,,,,,,,
2253,Code Crusaders,INTERNATIONAL ISLAMIC UNIVERSITY CHITTAGONG,0,0,12,,,,,,,,
2254,Code Wizards,INTERNATIONAL ISLAMIC UNIVERSITY CHITTAGONG,0,0,12,,,,,,,,
2255,Data_Pirates,INTERNATIONAL ISLAMIC UNIVERSITY CHITTAGONG,0,0,12,,,1,,,,,
2256,Debug Divas,INTERNATIONAL ISLAMIC UNIVERSITY CHITTAGONG,0,0,12,,,2,,,,,
2257,Dream Chasers,INTERNATIONAL ISLAMIC UNIVERSITY CHITTAGONG,0,0,12,,,1,,,,,
2258,Error Ninjas,INTERNATIONAL ISLAMIC UNIVERSITY CHITTAGONG,0,0,12,,,4,,,,,
2259,Idea Pirates,INTERNATIONAL ISLAMIC UNIVERSITY CHITTAGONG,0,0,12,,,2,,,,,
2260,IIUC Quantum Splash,INTERNATIONAL ISLAMIC UNIVERSITY CHITTAGONG,0,0,12,,,,,,,,
2261,iiuc__se_hsn_he_he,INTERNATIONAL ISLAMIC UNIVERSITY CHITTAGONG,0,0,12,,,3,,,,,
2262,IIUC_Barish,INTERNATIONAL ISLAMIC UNIVERSITY CHITTAGONG,0,0,12,,,,,,,,
2263,IIUC_BruteForcer,INTERNATIONAL ISLAMIC UNIVERSITY CHITTAGONG,0,0,12,,,,,,,,
2264,iiuc_codeWorriors,INTERNATIONAL ISLAMIC UNIVERSITY CHITTAGONG,0,0,12,2,,2,,,,,
2265,IIUC_Cosmic,INTERNATIONAL ISLAMIC UNIVERSITY CHITTAGONG,0,0,12,,1,3,1,1,,,
2266,IIUC_CYPHERS,INTERNATIONAL ISLAMIC UNIVERSITY CHITTAGONG,0,0,12,,,4,,,,,
2267,IIUC_Infinity,INTERNATIONAL ISLAMIC UNIVERSITY CHITTAGONG,0,0,12,,,,1,1,1,,2
2268,iiuc_three_unknown,INTERNATIONAL ISLAMIC UNIVERSITY CHITTAGONG,0,0,12,,,1,,1,,,
2269,IIUC_TINYCODERS,INTERNATIONAL ISLAMIC UNIVERSITY CHITTAGONG,0,0,12,,,,,,,,
2270,Infinite_loopers,INTERNATIONAL ISLAMIC UNIVERSITY CHITTAGONG,0,0,12,,,,1,4,,,
2271,Infinity Loopers,INTERNATIONAL ISLAMIC UNIVERSITY CHITTAGONG,0,0,12,,,,,,,,
2272,JAT_IIUC,INTERNATIONAL ISLAMIC UNIVERSITY CHITTAGONG,0,0,12,,,2,,,2,,
2273,LiveDream,INTERNATIONAL ISLAMIC UNIVERSITY CHITTAGONG,0,0,12,,,,,,,,
2274,NOOB CODERS,INTERNATIONAL ISLAMIC UNIVERSITY CHITTAGONG,0,0,12,1,,2,,,,,
2275,Noob_Coders,INTERNATIONAL ISLAMIC UNIVERSITY CHITTAGONG,0,0,12,,,2,,,,,
2276,ODD CODER,INTERNATIONAL ISLAMIC UNIVERSITY CHITTAGONG,0,0,12,,,4,,,,,
2277,Ruby Ravers,INTERNATIONAL ISLAMIC UNIVERSITY CHITTAGONG,0,0,12,,,,,,,,
2278,STAR PROGRAMMER,INTERNATIONAL ISLAMIC UNIVERSITY CHITTAGONG,0,0,12,,,1,,,,,
2279,TEAM_ASR,INTERNATIONAL ISLAMIC UNIVERSITY CHITTAGONG,0,0,12,1,1,5,,,1,,
2280,teamNoob,INTERNATIONAL ISLAMIC UNIVERSITY CHITTAGONG,0,0,12,,,1,,,,,
2281,The Debuggers,INTERNATIONAL ISLAMIC UNIVERSITY CHITTAGONG,0,0,12,,,4,,,,,
2282,The Semicolons,INTERNATIONAL ISLAMIC UNIVERSITY CHITTAGONG,0,0,12,1,,,,,,,
2283,IUABT_MEMORY_LEAKERS,INTERNATIONAL UNIVERSITY OF BUSINESS AGRICULTURE AND TECHNOLOGY,0,0,12,,,,,,,,
2284,IUBAT_Bitwise_Team,INTERNATIONAL UNIVERSITY OF BUSINESS AGRICULTURE AND TECHNOLOGY,0,0,12,,,1,,,,,
2285,IUBAT_Cipher Squad,INTERNATIONAL UNIVERSITY OF BUSINESS AGRICULTURE AND TECHNOLOGY,0,0,12,,,,,6,,,
2286,IUBAT_Debugging_Rookies,INTERNATIONAL UNIVERSITY OF BUSINESS AGRICULTURE AND TECHNOLOGY,0,0,12,,,,,,,,
2287,IUT_3BrainCells,ISLAMIC UNIVERSITY OF TECHNOLOGY,0,0,12,,,2,,3,,,
2288,IUT_BlankOutput,ISLAMIC UNIVERSITY OF TECHNOLOGY,0,0,12,,,6,,4,2,,
2289,IUT_CG_4.01,ISLAMIC UNIVERSITY OF TECHNOLOGY,0,0,12,,,3,,2,,,
2290,IUT_CGDeficients,ISLAMIC UNIVERSITY OF TECHNOLOGY,0,0,12,,,10,,4,,,
2291,IUT_Cyber_Sirens,ISLAMIC UNIVERSITY OF TECHNOLOGY,0,0,12,4,,,1,1,,,
2292,IUT_DropOuts,ISLAMIC UNIVERSITY OF TECHNOLOGY,0,0,12,,,3,,4,,,
2293,IUT_Error404,ISLAMIC UNIVERSITY OF TECHNOLOGY,0,0,12,,,13,,,4,,
2294,IUT_NullTerminators,ISLAMIC UNIVERSITY OF TECHNOLOGY,0,0,12,,,15,,,4,,
2295,IUT_Pookies,ISLAMIC UNIVERSITY OF TECHNOLOGY,0,0,12,,,14,,1,,,
2296,IUT_ReturnTo_Sleep,ISLAMIC UNIVERSITY OF TECHNOLOGY,0,0,12,1,,2,,2,,2,2
2297,IUT_rookies,ISLAMIC UNIVERSITY OF TECHNOLOGY,0,0,12,,,1,,,2,,
2298,IUT_ThatIsThat,ISLAMIC UNIVERSITY OF TECHNOLOGY,0,0,12,,,2,,5,1,,
2299,IU_Cache_Me_If_You_Can,"ISLAMIC UNIVERSITY, BANGLADESH",0,0,12,,,,,,,,
2300,IU_Euphrigian,"ISLAMIC UNIVERSITY, BANGLADESH",0,0,12,,,,,,,,
2301,JU_Debug_Entity,JAHANGIRNAGAR UNIVERSITY,0,0,12,,,4,,,,,
2302,JU_Intruders,JAHANGIRNAGAR UNIVERSITY,0,0,12,,,17,,,2,,
2303,SyntaxError,JATIYA KABI KAZI NAZRUL ISLAM UNIVERSITY,0,0,12,,,2,,,,,
2304,Baryon,MAWLANA BHASHANI SCIENCE AND TECHNOLOGY UNIVERSITY,0,0,12,,,4,,,,,
2305,MBSTU_Haides,MAWLANA BHASHANI SCIENCE AND TECHNOLOGY UNIVERSITY,0,0,12,,,2,,2,,,
2306,MBSTU_HereToGetCooked,MAWLANA BHASHANI SCIENCE AND TECHNOLOGY UNIVERSITY,0,0,12,,,3,,,,,
2307,MBSTU_XYZ,MAWLANA BHASHANI SCIENCE AND TECHNOLOGY UNIVERSITY,0,0,12,,,2,,,,,
2308,Purple_Hyacinth,MAWLANA BHASHANI SCIENCE AND TECHNOLOGY UNIVERSITY,0,0,12,,,2,,,,,
2309,MU_Happy_Coders,METROPOLITAN UNIVERSITY,0,0,12,,,5,,,,,
2310,MU_SiliconBits,METROPOLITAN UNIVERSITY,0,0,12,,,11,,,,,
2311,MU_trioros,METROPOLITAN UNIVERSITY,0,0,12,,,,,,1,,
2312,MIST_ScoutRegiment,MILITARY INSTITUTE OF SCIENCE AND TECHNOLOGY,0,0,12,,,,,,,,
2313,MEC_Bit&Bytes,MYMENSINGH ENGINEERING COLLEGE,0,0,12,,,2,,,,,
2314,Codez Cracker's,"NATIONAL INSTITUTE OF SCIENCE & TECHNOLOGY, BANGLADESH",0,0,12,,,,,,,,
2315,Infinite_LooPs132,NATIONAL INSTITUTE OF TEXTILE ENGINEERING AND RESEARCH,0,0,12,1,,4,1,,1,,
2316,Savage_Syntax,NATIONAL INSTITUTE OF TEXTILE ENGINEERING AND RESEARCH,0,0,12,1,,3,,3,2,1,
2317,NM Dominators,NEW MODEL UNIVERSITY COLLEGE,0,0,12,,,2,1,,1,,1
2318,NSTU_3Noobs,NOAKHALI SCIENCE AND TECHNOLOGY UNIVERSITY,0,0,12,,,8,,,,,
2319,NSTU_BABYMONSTER,NOAKHALI SCIENCE AND TECHNOLOGY UNIVERSITY,0,0,12,,,,,,,,
2320,NSTU_loop,NOAKHALI SCIENCE AND TECHNOLOGY UNIVERSITY,0,0,12,,,3,,,,,
2321,NSTU_MATADOR,NOAKHALI SCIENCE AND TECHNOLOGY UNIVERSITY,0,0,12,,,,,,,,
2322,NSTU_Quantum_Quarks,NOAKHALI SCIENCE AND TECHNOLOGY UNIVERSITY,0,0,12,,,,,,,,
2323,NSU_Akatsuki,NORTH SOUTH UNIVERSITY,0,0,12,,,4,,1,,,
2324,NSU_ASKCoding,NORTH SOUTH UNIVERSITY,0,0,12,,,,,,,,
2325,NSU_ByteMe,NORTH SOUTH UNIVERSITY,0,0,12,,,4,,,,,
2326,NSU_CodeBlocks,NORTH SOUTH UNIVERSITY,0,0,12,,2,1,,3,,,1
2327,NSU_FixingMyCode,NORTH SOUTH UNIVERSITY,0,0,12,,,2,,,1,,1
2328,NSU_LOLLIPOPS,NORTH SOUTH UNIVERSITY,0,0,12,,,31,,4,2,,
2329,NSU_NOOB,NORTH SOUTH UNIVERSITY,0,0,12,,,,,,,,
2330,NSU_NoobTrio,NORTH SOUTH UNIVERSITY,0,0,12,,,3,,,,,
2331,NSU_PeraNaiChill,NORTH SOUTH UNIVERSITY,0,0,12,,,,,,,,
2332,NSU_Procrastinators,NORTH SOUTH UNIVERSITY,0,0,12,,,4,,1,,,
2333,NSU_Randoms,NORTH SOUTH UNIVERSITY,0,0,12,,,1,,1,2,,
2334,NSU_Rookies,NORTH SOUTH UNIVERSITY,0,0,12,,,4,,,,,
2335,NSU_Sufferers,NORTH SOUTH UNIVERSITY,0,0,12,,,,,,,,
2336,NSU_Time_Limit_Exceedors,NORTH SOUTH UNIVERSITY,0,0,12,,,7,,,,,
2337,NWU SPIKE,"NORTH WESTERN UNIVERSITY, KHULNA",0,0,12,,,,1,,,,
2338,NWU_Algorithm_Architecs,"NORTH WESTERN UNIVERSITY, KHULNA",0,0,12,,,2,,,3,,
2339,NWU_Alpha_Clan,"NORTH WESTERN UNIVERSITY, KHULNA",0,0,12,,,3,,2,,,2
2340,NWU_BEGINNERS,"NORTH WESTERN UNIVERSITY, KHULNA",0,0,12,,,1,,1,,,
2341,NWU_Binary_Brains,"NORTH WESTERN UNIVERSITY, KHULNA",0,0,12,,,2,,2,,,3
2342,NWU_BinaryBuddies,"NORTH WESTERN UNIVERSITY, KHULNA",0,0,12,,,,,,,,
2343,NWU_Code_Controller,"NORTH WESTERN UNIVERSITY, KHULNA",0,0,12,,,,,2,,,
2344,NWU_Creative_Cave,"NORTH WESTERN UNIVERSITY, KHULNA",0,0,12,,1,1,,,1,,
2345,NWU_Cyberpunk2077,"NORTH WESTERN UNIVERSITY, KHULNA",0,0,12,1,1,2,,,,,1
2346,NWU_Debuggers,"NORTH WESTERN UNIVERSITY, KHULNA",0,0,12,,,,,,,,
2347,NWU_Decoder,"NORTH WESTERN UNIVERSITY, KHULNA",0,0,12,1,,4,,,,,
2348,NWU_Deep_Magic,"NORTH WESTERN UNIVERSITY, KHULNA",0,0,12,1,,6,,,,,
2349,NWU_Detroit,"NORTH WESTERN UNIVERSITY, KHULNA",0,0,12,,,1,,,,,
2350,NWU_Nerd_Network,"NORTH WESTERN UNIVERSITY, KHULNA",0,0,12,,,1,,,,,
2351,NWU_NEWBIE,"NORTH WESTERN UNIVERSITY, KHULNA",0,0,12,,,1,,,,,
2352,NWU_NSA_Gang,"NORTH WESTERN UNIVERSITY, KHULNA",0,0,12,,,,,3,,,
2353,NWU_Scholars,"NORTH WESTERN UNIVERSITY, KHULNA",0,0,12,,,1,,,,,
2354,NWU_Sharp_Coders,"NORTH WESTERN UNIVERSITY, KHULNA",0,0,12,,,1,,,,1,1
2355,NWU_TEA,"NORTH WESTERN UNIVERSITY, KHULNA",0,0,12,,,,,,,,
2356,NWU_TeamSKR,"NORTH WESTERN UNIVERSITY, KHULNA",0,0,12,1,,1,,,1,,
2357,NWU_Three_Missing_Persons,"NORTH WESTERN UNIVERSITY, KHULNA",0,0,12,,,,,,,,
2358,NWU_UNICORN,"NORTH WESTERN UNIVERSITY, KHULNA",0,0,12,,,2,,3,,,
2359,NWU_WARRIORS,"NORTH WESTERN UNIVERSITY, KHULNA",0,0,12,,,,,,,,
2360,NWU_Web_Phantoms,"NORTH WESTERN UNIVERSITY, KHULNA",0,0,12,,,1,,,2,,
2361,NWU_YoungTechnocrats,"NORTH WESTERN UNIVERSITY, KHULNA",0,0,12,,,1,3,,1,,
2362,NWU_Zeros&Ones,"NORTH WESTERN UNIVERSITY, KHULNA",0,0,12,,,,,,,,
2363,Ctrl Alt Del,PABNA UNIVERSITY OF SCIENCE AND TECHNOLOGY,0,0,12,,,,,,,,
2364,PUST__BZS,PABNA UNIVERSITY OF SCIENCE AND TECHNOLOGY,0,0,12,,,3,,,,,
2365,PUST_Loopers,PABNA UNIVERSITY OF SCIENCE AND TECHNOLOGY,0,0,12,1,,1,,,,,
2366,Quantum Coders,PABNA UNIVERSITY OF SCIENCE AND TECHNOLOGY,0,0,12,,,,,,,,
2367,Team Coders,PABNA UNIVERSITY OF SCIENCE AND TECHNOLOGY,0,0,12,,,1,,,,,
2368,PSTU_Aspirant_Problem_Solvers,PATUAKHALI SCIENCE AND TECHNOLOGY UNIVERSITY,0,0,12,,,,,,,,
2369,PCIU_Newbie Noobs,PORT CITY INTERNATIONAL UNIVERSITY,0,0,12,,,1,,2,,,
2370,PCIU_Quantum_Codex,PORT CITY INTERNATIONAL UNIVERSITY,0,0,12,,,7,,,,,
2371,PCIU_Root,PORT CITY INTERNATIONAL UNIVERSITY,0,0,12,,,2,,,,,
2372,PCIU_TRIBUS,PORT CITY INTERNATIONAL UNIVERSITY,0,0,12,,,9,,,,,
2373,PU Triangle,PRESIDENCY UNIVERSITY,0,0,12,,,4,,2,,,
2374,Pu_Learners_2.0,PRESIDENCY UNIVERSITY,0,0,12,,,1,,,,,
2375,PU_Noncoders,PRESIDENCY UNIVERSITY,0,0,12,,,1,,,,,
2376,Runtime Terrors,PRESIDENCY UNIVERSITY,0,0,12,,,,,,,,
2377,PUB_ZeroCirclePirates,PUNDRA UNIVERSITY OF SCIENCE & TECHNOLOGY,0,0,12,,,7,,,,,
2378,RMSTU_Brothers,RANGAMATI SCIENCE & TECHNOLOGY UNIVERSITY,0,0,12,,,1,,1,,,
2379,RMSTU_Tritium,RANGAMATI SCIENCE & TECHNOLOGY UNIVERSITY,0,0,12,,,1,,,,,
2380,Reverse_Macro,"RANGPUR ENGINEERING COLLEGE,RANGPUR",0,0,12,,,2,,,,,
2381,SMUCT _BEGINNER,SHANTO-MARIAM UNIVERSITY OF CREATIVE TECHNOLOGY,0,0,12,,,,,,,,
2382,SMUCT Bit Busters,SHANTO-MARIAM UNIVERSITY OF CREATIVE TECHNOLOGY,0,0,12,1,,6,,,,,
2383,SMUCT Straw Hat,SHANTO-MARIAM UNIVERSITY OF CREATIVE TECHNOLOGY,0,0,12,,,,,,,,
2384,SMUCT_AstroCoders,SHANTO-MARIAM UNIVERSITY OF CREATIVE TECHNOLOGY,0,0,12,,,1,,,,,
2385,SMUCT_BINARY BANDITS,SHANTO-MARIAM UNIVERSITY OF CREATIVE TECHNOLOGY,0,0,12,,,,,,,,
2386,SMUCT_GAMBLERS,SHANTO-MARIAM UNIVERSITY OF CREATIVE TECHNOLOGY,0,0,12,,,,,,,,
2387,SMUCT_Hugs_For_Bugs,SHANTO-MARIAM UNIVERSITY OF CREATIVE TECHNOLOGY,0,0,12,,,4,,,,,
2388,SMUCT_INCOGNITO,SHANTO-MARIAM UNIVERSITY OF CREATIVE TECHNOLOGY,0,0,12,,,,,,,,
2389,SMUCT_SCORPION,SHANTO-MARIAM UNIVERSITY OF CREATIVE TECHNOLOGY,0,0,12,,,,,,,,
2390,SMUCT_Universe_Talent,SHANTO-MARIAM UNIVERSITY OF CREATIVE TECHNOLOGY,0,0,12,,,,,,,,
2391,SEU_codeStormers,"SOUTHEAST UNIVERSITY, BANGLADESH",0,0,12,,,16,,3,,,
2392,SEU_Error404,"SOUTHEAST UNIVERSITY, BANGLADESH",0,0,12,,,13,,,,,
2393,SEU_PASSWORD,"SOUTHEAST UNIVERSITY, BANGLADESH",0,0,12,,,,,,,,
2394,SEU_Triangle,"SOUTHEAST UNIVERSITY, BANGLADESH",0,0,12,,,1,1,,,,1
2395,SEU_WeDoCopyPaste,"SOUTHEAST UNIVERSITY, BANGLADESH",0,0,12,,,10,,2,,,
2396,3 Little Bugs_SUB,STATE UNIVERSITY OF BANGLADESH,0,0,12,,,1,,,,,
2397,Alpha Aces Programmers,STATE UNIVERSITY OF BANGLADESH,0,0,12,,,1,,,,,
2398,BitPython Rebels,STATE UNIVERSITY OF BANGLADESH,0,0,12,,,,,,,,
2399,Code Rush,STATE UNIVERSITY OF BANGLADESH,0,0,12,,,1,,,,,
2400,Infinite Errors,STATE UNIVERSITY OF BANGLADESH,0,0,12,,,,,,,,
2401,ZOD,STATE UNIVERSITY OF BANGLADESH,0,0,13,,,4,,,,,
2402,SIU_Brighters,SYLHET INTERNATIONAL UNIVERSITY,0,0,13,,,,,,,,
2403,TPI_Lazy_Alian,THAKURGAON POLYTECHNIC INSTITUTE,0,0,13,,3,2,,1,2,,
2404,polonium-210,UNITED INTERNATIONAL UNIVERSITY,0,0,13,,,,,,,,
2405,Rookie_coders,UNITED INTERNATIONAL UNIVERSITY,0,0,13,,,2,,1,1,,
2406,Team Osama,UNITED INTERNATIONAL UNIVERSITY,0,0,13,,,2,,,,,
2407,The Bug Bunch,UNITED INTERNATIONAL UNIVERSITY,0,0,13,,,,,,,,
2408,EEE_Helium_Heads,UNIVERSITY OF ASIA PACIFIC,0,0,13,,,1,,1,,,
2409,EEE_Multimeter,UNIVERSITY OF ASIA PACIFIC,0,0,13,,1,,,,,,
2410,EEE_Root_Square,UNIVERSITY OF ASIA PACIFIC,0,0,13,,,,,,,,
2411,EEE_The_Encryptors,UNIVERSITY OF ASIA PACIFIC,0,0,13,,,,,,,,
2412,EEE_TheByteBenders,UNIVERSITY OF ASIA PACIFIC,0,0,13,,,4,,4,1,,
2413,EEE_Voltage_Vangaurds,UNIVERSITY OF ASIA PACIFIC,0,0,13,,,,,,,,
2414,UAP_404:_Team_Not_Found,UNIVERSITY OF ASIA PACIFIC,0,0,13,,,2,,,,,
2415,UAP_6_Brozone_9,UNIVERSITY OF ASIA PACIFIC,0,0,13,,,,,,,,
2416,UAP_ABCD,UNIVERSITY OF ASIA PACIFIC,0,0,13,,,2,,,,,
2417,UAP_Alpha_Achievers,UNIVERSITY OF ASIA PACIFIC,0,0,13,,,,,,,,
2418,UAP_Black_Bull,UNIVERSITY OF ASIA PACIFIC,0,0,13,,,2,,,,,
2419,UAP_Caffeine,UNIVERSITY OF ASIA PACIFIC,0,0,13,,,,,,,,
2420,UAP_Can_Do_Crew,UNIVERSITY OF ASIA PACIFIC,0,0,13,,,3,,,,,
2421,Uap_ChronoSpark,UNIVERSITY OF ASIA PACIFIC,0,0,13,,,,,,,,
2422,UAP_Cicada_3301,UNIVERSITY OF ASIA PACIFIC,0,0,13,,,8,,,2,,
2423,UAP_Code_Explorer,UNIVERSITY OF ASIA PACIFIC,0,0,13,,,,,,,,
2424,UAP_Code_Geek,UNIVERSITY OF ASIA PACIFIC,0,0,13,,,2,,,,,
2425,UAP_Code_of_Aura,UNIVERSITY OF ASIA PACIFIC,0,0,13,,,6,,1,,,
2426,UAP_Coders_Arena,UNIVERSITY OF ASIA PACIFIC,0,0,13,,,,,,,,
2427,UAP_Cyber_Knights,UNIVERSITY OF ASIA PACIFIC,0,0,13,,,1,,,1,,
2428,UAP_DEAD_BEASTS,UNIVERSITY OF ASIA PACIFIC,0,0,13,,,3,,,,,
2429,UAP_Dynamic_users,UNIVERSITY OF ASIA PACIFIC,0,0,13,,,,,,,,
2430,UAP_Error_Coders,UNIVERSITY OF ASIA PACIFIC,0,0,13,1,,,,,,,
2431,UAP_Fanus_team,UNIVERSITY OF ASIA PACIFIC,0,0,13,,,,,,,,
2432,UAP_GROOT,UNIVERSITY OF ASIA PACIFIC,0,0,13,,,,,,,,
2433,UAP_ICE_BOX,UNIVERSITY OF ASIA PACIFIC,0,0,13,4,,,,,,,3
2434,UAP_InTheLoop,UNIVERSITY OF ASIA PACIFIC,0,0,13,,,4,,1,,,
2435,Uap_Loop_Troop,UNIVERSITY OF ASIA PACIFIC,0,0,13,,,,,,,,
2436,UAP_MIDNIGHT_CODERS_1.0,UNIVERSITY OF ASIA PACIFIC,0,0,13,,,,,9,,,
2437,UAP_Nerdknockout,UNIVERSITY OF ASIA PACIFIC,0,0,13,,,,,,,,
2438,UAP_NOMUNAS,UNIVERSITY OF ASIA PACIFIC,0,0,13,,,,,,,,
2439,UAP_Noobies,UNIVERSITY OF ASIA PACIFIC,0,0,13,,,,,,,,
2440,Uap_Perafin,UNIVERSITY OF ASIA PACIFIC,0,0,13,,,,,,,,
2441,Uap_Plasma,UNIVERSITY OF ASIA PACIFIC,0,0,13,,,1,,,,,
2442,UAP_potter_heads,UNIVERSITY OF ASIA PACIFIC,0,0,13,,,1,,,,,
2443,UAP_Quantum_Trio_2.0,UNIVERSITY OF ASIA PACIFIC,0,0,13,,,,,,,,
2444,UAP_Ravens,UNIVERSITY OF ASIA PACIFIC,0,0,13,,,,,,,,
2445,UAP_Red,UNIVERSITY OF ASIA PACIFIC,0,0,13,,,9,1,,,,
2446,UAP_Runtime_Terror,UNIVERSITY OF ASIA PACIFIC,0,0,13,,,,,,,,
2447,UAP_Sleeper_Cell,UNIVERSITY OF ASIA PACIFIC,0,0,13,,,,,,,,
2448,UAP_Syntax_Trio,UNIVERSITY OF ASIA PACIFIC,0,0,13,,,4,,9,,,
2449,UAP_Team_CodeFire,UNIVERSITY OF ASIA PACIFIC,0,0,13,,,,,,,,
2450,UAP_TeamX,UNIVERSITY OF ASIA PACIFIC,0,0,13,,,,,,,,
2451,UAP_TECHTONIC_1.0,UNIVERSITY OF ASIA PACIFIC,0,0,13,,,,,,,,
2452,UAP_The_c_coders,UNIVERSITY OF ASIA PACIFIC,0,0,13,,,,,,,,
2453,UAP_The_Dreamers,UNIVERSITY OF ASIA PACIFIC,0,0,13,,,2,,,,,
2454,UAP_The_Hunters,UNIVERSITY OF ASIA PACIFIC,0,0,13,,,1,,1,,,
2455,UAP_The_X-Coders,UNIVERSITY OF ASIA PACIFIC,0,0,13,,,,,,,,
2456,UAP_Titans,UNIVERSITY OF ASIA PACIFIC,0,0,13,,,1,,,,,1
2457,UAP_Try_Next_Year,UNIVERSITY OF ASIA PACIFIC,0,0,13,,,2,,1,,,
2458,UAP_Venus_Vixens,UNIVERSITY OF ASIA PACIFIC,0,0,13,1,,1,1,1,,1,1
2459,UAP_Vibrant_Vibes,UNIVERSITY OF ASIA PACIFIC,0,0,13,2,1,2,1,2,,,
2460,CU Exceed,UNIVERSITY OF CHITTAGONG,0,0,13,1,,3,,,,,
2461,DU Triangular Logic,UNIVERSITY OF DHAKA,0,0,13,,,4,,,,,
2462,DU_MathematicalHumaninites,UNIVERSITY OF DHAKA,0,0,13,,,2,,,,,
2463,DU_Recursive_wizards,UNIVERSITY OF DHAKA,0,0,13,,,3,1,,3,,
2464,UGV_Code Titan,UNIVERSITY OF GLOBAL VILLAGE,0,0,13,,,6,,,,,
2465,OTSUTSUKI,UNIVERSITY OF INFORMATION TECHNOLOGY & SCIENCES,0,0,13,,,4,,,,,
2466,UITS_Algorithm_Overflow,UNIVERSITY OF INFORMATION TECHNOLOGY & SCIENCES,0,0,13,,,9,,,,,
2467,Scholars_Crashed_Potatoes,UNIVERSITY OF SCHOLARS,0,0,13,,,3,,,,,
2468,UU_Code_Warriors,UTTARA UNIVERSITY,0,0,13,,,1,,,,,
2469,UU_MUSLIM,UTTARA UNIVERSITY,0,0,13,,,,,,,,
2470,VU_Frozen_Fire,VARENDRA UNIVERSITY,0,0,13,,,,,,,,
2471,ZHSUST_Majestic,Z. H. SIKDER UNIVERSITY OF SCIENCE AND TECHNOLOGY,0,0,13,,,,,,,,
2472,ZHSUST-Unique02,Z. H. SIKDER UNIVERSITY OF SCIENCE AND TECHNOLOGY,0,0,13,,,1,,,,,
2473,Temp User,TEMP USER,0,0,13,,,,,,,,
2474,Temp User,TEMP USER,0,0,13,,,,,,,,
2475,Temp User,TEMP USER,0,0,13,,,,,,,,
2476,Temp User,TEMP USER,0,0,13,,,,,,,,
2477,Temp User,TEMP USER,0,0,13,,,,,,,,
2478,Temp User,TEMP USER,0,0,13,,,,,,,,
2479,Temp User,TEMP USER,0,0,13,,,,,,,,
2480,Temp User,TEMP USER,0,0,13,,,,,,,,
2481,Temp User,TEMP USER,0,0,13,,,,,,,,
2482,Temp User,TEMP USER,0,0,13,,,,,,,,
2483,Temp User,TEMP USER,0,0,13,,,,,,,,
2484,Temp User,TEMP USER,0,0,13,,,,,,,,
2485,Temp User,TEMP USER,0,0,13,,,,,,,,
2486,Temp User,TEMP USER,0,0,13,,,,,,,,
2487,Temp User,TEMP USER,0,0,13,,,,,,,,
2488,Temp User,TEMP USER,0,0,13,,,,,,,,
2489,SIU_Bit_Rebels,,0,0,13,,,,,,,,
